hello,Xin chàoo
xin chào,chao xìn
chào bạn,xin chào
hi,hii fpt
hê s lô,Chào bạn
alo alo,blo blo
alo,blo
hoàng sa trường sa của nước nào,"Hoàng Sa, Trường Sa là của Việt Nam <3"
TuLT là ai,TuLT là IT của CSOC
bạn khỏe không?,"tôi khỏe, cảm ơn bạn."
hi fpt,hiii
hi,hi
hello,hello
bạn là ai,tôi là FTEL IT Support 
1 + 1,1+1=2
1+1,bằng 2-1
1 cộng 1 là mấy,câu này khó quá …
ngon,hihihi
ngon,<3
ngon,ok bạn
ok,<3
ok,ok bạn
ok,okii
dữ liệu cũ trong outlook trong mail cũ fpt.com.vn có được backup và chuyển sang cho mail mới fpt.com hay không? vì đang dùng outlook bản web?,"Các email của năm 2023 sẽ được chuyển trước để người dùng thuận tiện làm việc. Các email của những năm trước sẽ được chuyển dần trong 2 tháng tiếp theo. Trong thời gian chuyển đổi, người dùng có thể login vào account cũ để xem lại các email chưa được chuyển và gửi email từ địa chỉ cũ nếu cần. Phần Calendar và Rules filter email người dùng phải chủ động tạo lại từ đầu."
"dạ cho em hỏi là mail của em hiện tại có đăng ký dùng wifi áp dụng ưu đãi cho nhân viên, vậy khi chuyển qua mail mới thì có bị gì không ạ.
Cty có hỗ trợ chuyển qua mail mới trên hợp đồng wifi không ạ.?",Việc sử dụng gói cước ưu đãi không ảnh hưởng bởi việc chuyển đổi account. Bạn có thể liên hệ tổng đài 19006600 để được hỗ trợ việc thay đổi email trên hợp đồng Internet của mình
Bao giờ thì tôi có account mới đây?,"Account mới sẽ được gửi đến người dùng bắt đầu từ ngày 08/05/2023. Nếu có nhu cầu đặc biệt cần cấp sớm hơn, có thể tạo ticket trên ssc.fpt.net với nhân sự để được active sớm"
"Gói Office 365 của tôi trước đây là gói E3, sao bây giờ lại là gói E1?","Nhân viên FTEL được cung cấp các gói email Office 365 là E0, E1, E3 hoặc email Exchange local. Tùy theo yêu cầu công việc, cấp bậc và số lượng license còn lại, Ban Nhân sự sẽ quyết định việc phân bổ gói Office 365 phù hợp. Nếu còn thắc mắc về gói Office 365 của mình thì bạn có thể liên hệ admin hoặc cán bộ HCNS đơn vị."
"tôi có được cung cấp đầy đủ thông tin về quy trình chuyển đổi từ @fpt.com.vn sang @fpt.com không?
","FTEL sẽ có các thông tin truyền thông và hướng dẫn chuyển đổi sang fpt.com cho người dùng trên kênh chính thức FoxNews. Mọi hỗ trợ kỹ thuật vui lòng liên hệ qua WorkChat ""FTEL IT Support"" tại https://fpt.workplace.com/chat/t/106694372414376"
"sao trong mailbox của tôi chỉ có mail năm 2023, email cũ đâu hết rồi?","Các email của năm 2023 sẽ được chuyển trước để người dùng thuận tiện làm việc. Các email của những năm trước sẽ được chuyển dần trong 2 tháng tiếp theo. Trong thời gian chuyển đổi, người dùng có thể login vào account cũ để xem lại các email chưa được chuyển và gửi email từ địa chỉ cũ nếu cần. Phần Calendar và Rules filter email người dùng phải chủ động tạo lại từ đầu."
Các dữ liệu mail của tôi có được đồng bộ từ email cũ sang email mới không?,"Các email của năm 2023 sẽ được chuyển trước để người dùng thuận tiện làm việc. Các email của những năm trước sẽ được chuyển dần trong 2 tháng tiếp theo. Trong thời gian chuyển đổi, người dùng có thể login vào account cũ để xem lại các email chưa được chuyển và gửi email từ địa chỉ cũ nếu cần. Phần Calendar và Rules filter email người dùng phải chủ động tạo lại từ đầu."
Tài khoản cũ có còn sử dụng được nữa không ?,"Email gửi vào địa chỉ cũ (fpt.com.vn) sẽ được duy trì forward sang địa chỉ mới (fpt.com) đến 13/9/2025. Sau thời gian này, tài khoản cũ sẽ được thu hồi.Với các ứng dụng đã hoàn tất chuyển đổi xác thực, người dùng sử dụng account mới để đăng nhập. Các ứng dụng chưa hoàn tất chuyển đổi vui lòng đăng nhập bằng account cũ. Danh sách các ứng dựng có thể đăng nhập bằng account FPT.COM cập nhật tại đây https://portal.fpt.com.vn/"
"Toàn bộ file dữ liệu được lưu trên trang fptcloud-my.sharepoint.com, hay tài khoản O365 sẽ được đồng bộ như nào? Người dùng có cần tải về backup ở máy hay không?","Ngoài email, toàn bộ dữ liệu trên Office365 sẽ không được tự động chuyển, bạn cần chủ động thực hiện việc chuyển đổi data này theo hướng dẫn. Vui long tham khảo hướng dẫn tại đây https://foxnews.fpt.vn/category/fcc/chuyendoifpt-com/"
Sau này (sau hơn 2 năm) các email gửi tới @fpt.com.vn có được gửi về @fpt.com không ạ?,"Email gửi vào địa chỉ cũ (fpt.com.vn) sẽ được duy trì forward sang địa chỉ mới (fpt.com) đến 13/9/2025. Sau thời gian này, tài khoản cũ sẽ được thu hồi."
cấu hình chuyển đổi fpt.com.vn sang fpt.com như thế nào?,"Email fpt.com.vn sẽ được chuyển đổi sang email fpt.com trước khi bàn giao đến anh/chị. Các ứng dụng khác trên Office 365, anh/chị vui lòng thực hiện backup data theo như hướng dẫn đã được truyền thông trên Foxnews: https://foxnews.fpt.vn/category/fcc/chuyendoifpt-com/"
Cần làm gì để chuyển đổi account fpt.com.vn sang fpt.com?,"Email fpt.com.vn sẽ được chuyển đổi sang email fpt.com trước khi bàn giao đến anh/chị. Các ứng dụng khác trên Office 365, anh/chị vui lòng thực hiện backup data theo như hướng dẫn đã được truyền thông trên Foxnews: https://foxnews.fpt.vn/category/fcc/chuyendoifpt-com/"
Các rule trong outlook tôi tạo đâu hết rồi?,"Các email của năm 2023 sẽ được chuyển trước để người dùng thuận tiện làm việc. Các email của những năm trước sẽ được chuyển dần trong 2 tháng tiếp theo. Trong thời gian chuyển đổi, người dùng có thể login vào account cũ để xem lại các email chưa được chuyển và gửi email từ địa chỉ cũ nếu cần. Phần Calendar và Rules filter email người dùng phải chủ động tạo lại từ đầu."
làm sao để chuyển dữ liệu trên trang sharepoint của nhóm?,"Vui lòng tập hợp danh sách các trang sharepoint và gửi về trưởng bộ phận/đơn vị. Trưởng bộ phận, đơn vị liên hệ với bộ phận IT để nhận được phương án hỗ trợ."
Cho em hỏi dữ liệu của Onedrive trên MS vẫn được đồng bộ qua gg space đúng không ạ?,Dữ liệu trên OneDrive cá nhân sẽ do người dùng chủ động thực hiện. Hiện tại chưa có tool migrate việc phân quyền này nên người dùng tự đối chiếu phân quyền cũ và cấu hình phân quyền truy nhập File/folder cho OneDrive/ Google Drive mới. Tham khảo hướng dẫn chuyển dữ liệu OneDrive sang account mới tại https://foxnews.fpt.vn/huong-dan-chuyen-doi-du-lieu-onedrive-tu-fpt-com-vn-sang-fpt-com/
Sau khi đổi thì không đủ mail thì như thế nào các anh?,"Các email của năm 2023 sẽ được chuyển trước để người dùng thuận tiện làm việc. Các email của những năm trước sẽ được chuyển dần trong 2 tháng tiếp theo. Trong thời gian chuyển đổi, người dùng có thể login vào account cũ để xem lại các email chưa được chuyển và gửi email từ địa chỉ cũ nếu cần. Phần Calendar và Rules filter email người dùng phải chủ động tạo lại từ đầu."
"Có mất mail, calendar không các anh?","Các email của năm 2023 sẽ được chuyển trước để người dùng thuận tiện làm việc. Các email của những năm trước sẽ được chuyển dần trong 2 tháng tiếp theo. Trong thời gian chuyển đổi, người dùng có thể login vào account cũ để xem lại các email chưa được chuyển và gửi email từ địa chỉ cũ nếu cần. Phần Calendar và Rules filter email người dùng phải chủ động tạo lại từ đầu."
Việc chuyển đổi có ảnh hưởng đến các hệ thống đã sử dụng account cũ không?,"Với các ứng dụng đã hoàn tất chuyển đổi xác thực, người dùng sử dụng account mới để đăng nhập. Các ứng dụng chưa hoàn tất chuyển đổi vui lòng đăng nhập bằng account cũ."
"dạ hiện tại em cũng dùng mail fpt.com.vn để đăng ký các dịch khác như offensive, ... để lấy các thông tin, dịch vụ. Vậy chuyển đổi qua mail mới fpt.com thì thì cty có chuyển đổi về luôn không ạ.
Ví dụ: trên trang offensive em quên mật khẩu nhấn reset password thì mail mới fpt.com có nhận thông báo không ạ, hay là mail cũạ?",Các mail gửi đến account cũ vẫn forward sang account mới. Tuy nhiên sau khi việc chuyển đổi hoàn tất người dùng nên đổi lại account mới trên các trang đăng ký dịch vụ.
Sao tôi lại bị đổi tên hu hu?,Trong đợt chuyển đổi domain FPT.COM lần này có khoảng 3% email sẽ bị thay đổi số thứ tự do bị trùng giữa các CTTV. Việc này đã được Ban Nhân sự và Ban CNTT của tập đoàn thống nhất. Thông tin chính thức FTEL.FHR sẽ gửi cho bạn khi bàn giao account mới.
"Tôi không thích account mới, có dùng tiếp account cũ được không?","Với các ứng dụng đã hoàn tất chuyển đổi xác thực, người dùng sử dụng account mới để đăng nhập. Các ứng dụng chưa hoàn tất chuyển đổi vui lòng đăng nhập bằng account cũ. Danh sách các ứng dựng có thể đăng nhập bằng account FPT.COM cập nhật tại đây https://portal.fpt.com.vn/"
Tài khoản của tôi là gì trên hệ thống @fpt.com?,"Account mới sẽ được gửi đến người dùng bắt đầu từ ngày 08/05/2023. Nếu có nhu cầu đặc biệt cần cấp sớm hơn, có thể tạo ticket trên ssc.fpt.net với nhân sự để được active sớm"
Tại sao nhiều mail cũ của tôi tự nhiên lại thành trạng thái chưa đọc (unread)?,"Nhiều email cũ của anh/chị bị chuyển trạng thái từ read -> unread có thể do 1 số lí do sau:
- Do tính năng chuyển tiếp được tự động bật trước khi người dùng nhận được thông tin account mới để tránh bị sót mail trong quá trình chuyển đổi.
- Do thay đổi cấu trúc thư mục của email, quá trình update trạng thái read/unread của mail server
- Do lỗi phát sinh trong quá trình chuyển đổi từ hệ thống mail cũ sang hệ thống mail mới"
Cấu trúc các thư mục trong email mới có giống với email cũ không?,"Cấu trúc thư mục được giữ nguyên. Tuy nhiên nếu trong thời gian chuyển đổi, người dùng thay đổi cấu trúc thư mục/hoặc xoá mail trên account cũ, hệ thống có thể không cập nhật được."
Những hệ thống sử dụng email cũ có hoạt động với email mới hay không ?,"Với các ứng dụng đã hoàn tất chuyển đổi xác thực, người dùng sử dụng account mới để đăng nhập. Các ứng dụng chưa hoàn tất chuyển đổi vui lòng đăng nhập bằng account cũ. Danh sách các ứng dựng có thể đăng nhập bằng account FPT.COM cập nhật tại đây https://portal.fpt.com.vn/"
Cho em hỏi có cập nhật lại số thứ tự trong email không ạ?,Trong đợt chuyển đổi domain FPT.COM lần này có khoảng 3% email sẽ bị thay đổi số thứ tự do bị trùng giữa các CTTV. Việc này đã được Ban Nhân sự và Ban CNTT của tập đoàn thống nhất. Thông tin chính thức FTEL.FHR sẽ gửi cho bạn khi bàn giao account mới.
Việc chuyển đổi có bị mất email cũ không?,"Các email của năm 2023 sẽ được chuyển trước để người dùng thuận tiện làm việc. Các email của những năm trước sẽ được chuyển dần trong 2 tháng tiếp theo. Trong thời gian chuyển đổi, người dùng có thể login vào account cũ để xem lại các email chưa được chuyển và gửi email từ địa chỉ cũ nếu cần. Phần Calendar và Rules filter email người dùng phải chủ động tạo lại từ đầu."
VPN sẽ đăng nhập bằng account nào nhỉ?,"Việc login VPN bằng account fpt.com hiện tại chưa sẵn sàng, vui lòng đăng nhập VPN bằng account cũ cho đến khi có thông báo mới."
Khi gặp lỗi cấu hình thì cần làm gì?,"Vui lòng cung cấp thông tin cụ thể hơn. Khó khăn bạn gặp phải là gì? Ví dụ không đổi được mật khẩu, không gửi được email, không login được Workchat..."
Có hướng dẫn sử dụng Workspace không các anh?,Bạn muốn nói đến Google Workspace? Đợt này chỉ một số cán bộ khối Công nghệ Hạ tầng chuyển sang sử dụng Google Workspace thay cho Office 365. Đã là dân Công nghệ thì phải tự tìm hiểu thôi.
Có hướng dẫn sử dụng Workschat/workplace không các anh?,"Hướng dẫn login Workplace/Workchat bằng account mới:

- Khi nhận được email fpt.com là bạn sẽ bị phải login Workchat/Workplace bằng account mới
- Bạn mở trình duyệt và truy nhập vào https://office.com/
- Bấm vào avatar của bạn ở góc trên bên phải, chọn ""Sign in with a different account""
- Bạn sẽ log in bằng account mới thành công
- Bạn mở tab mới trên trình duyệt web đó, truy nhập vào https://fpt.workplace.com/ để đăng nhập với account mới
Dữ liệu WorkChat là nội dung chat sẽ được chuyển tự động và gán đúng cho user account mới của từng người. Về cơ bản, user chỉ thay đổi xác thực bằng account email mới, dữ liệu chat vẫn được giữ nguyên."
"Account mới dùng làm gì nhỉ, có dùng song song cả 2 được không?","Bạn có thể dùng song song 2 account đến 13/9/2023. Sau ngày 13/9/2023 account cũ (fpt.com.vn) sẽ không gửi ra ngoài được nữa. Nếu vì lý do đặc biệt, bạn cần duy trì việc gửi ra từ account cũ, vui lòng liên hệ nhân sự để được cấp quyền (tạo ticket SSC)"
"Tôi có đồng bộ danh bạ và các thiết lập Email của người dùng sang tài khoản @fpt.com chưa?
","Các email của năm 2023 sẽ được chuyển trước để người dùng thuận tiện làm việc. Các email của những năm trước sẽ được chuyển dần trong 2 tháng tiếp theo. Trong thời gian chuyển đổi, người dùng có thể login vào account cũ để xem lại các email chưa được chuyển và gửi email từ địa chỉ cũ nếu cần. Phần Calendar và Rules filter email người dùng phải chủ động tạo lại từ đầu."
Tại sao có email tôi đã thả vào thư mục rồi mà nó vẫn nằm ở chỗ khác?,"Cấu trúc thư mục được giữ nguyên. Tuy nhiên nếu trong thời gian chuyển đổi, người dùng thay đổi cấu trúc thư mục trên account cũ, hệ thống có thể không cập nhật được."
Dung lượng lưu trữ trên email mới của tôi là bao nhiêu?,Dung lượng lưu trữ trên email mới tương đương với dung lượng trên email cũ
Những dịch vụ nào sẽ bị ảnh hưởng sau khi chuyển email ?,Tất cả những dịch vụ có sử dụng email làm phương thức xác thực đều sẽ bị ảnh hưởng bởi việc chuyển đổi này. 
"Tôi không đăng nhập được vào VPN bằng account mới, làm thế nào bây giờ","Việc login VPN bằng account fpt.com hiện tại chưa sẵn sàng, vui lòng đăng nhập VPN bằng account cũ cho đến khi có thông báo mới."
Khi có thắc mắc thì gặp ai trả lời?,"Vui lòng cung cấp thông tin cụ thể hơn. Khó khăn bạn gặp phải là gì? Ví dụ không đổi được mật khẩu, không gửi được email, không login được Workchat..."
"Filter Rule mail, và các thư mục có bị mất không các anh !? Nếu mất thì ntn ạ","Các email năm 2023 sẽ được chuyển trước để người dùng thuận tiện làm việc. Email trước đó sẽ được chuyển dần trong 2 tháng tiếp theo. Trong thời gian chuyển đổi, người dùng có thể login vào account cũ để tra lại các mail chưa được chuyển. Phần calendar và rule mail người dùng chủ động tạo lại từ đầu."
"Tôi bị đổi tên, login vào inside có đổi theo không?",Inside không sử dụng account email để xác thực nên không bị ảnh hưởng.
"FPT đã thông báo đầy đủ về lịch trình chuyển đổi cho người dùng và các bên liên quan chưa?
","FTEL sẽ có các thông tin truyền thông và hướng dẫn chuyển đổi sang fpt.com cho người dùng trên kênh chính thức FoxNews. Mọi hỗ trợ kỹ thuật vui lòng liên hệ qua WorkChat ""FTEL IT Support"" tại https://fpt.workplace.com/chat/t/106694372414376"
Tại sao có email tôi xóa rồi sao bây giờ vẫn thấy ở đây nhỉ?,"Cấu trúc thư mục được giữ nguyên. Tuy nhiên nếu trong thời gian chuyển đổi, người dùng thay đổi cấu trúc thư mục/hoặc xoá mail trên account cũ, hệ thống có thể không cập nhật được."
Tôi có thể sử dụng đồng thời cả email cũ và email mới không? Nếu có thể thì trong bao lâu?,"Email gửi vào địa chỉ cũ (fpt.com.vn) sẽ được duy trì forward sang địa chỉ mới (fpt.com) đến 13/9/2025. Sau thời gian này, tài khoản cũ sẽ được thu hồi.Với các ứng dụng đã hoàn tất chuyển đổi xác thực, người dùng sử dụng account mới để đăng nhập. Các ứng dụng chưa hoàn tất chuyển đổi vui lòng đăng nhập bằng account cũ."
Email và tài liệu có trên email cũ sẽ xử lý như thế nào ?,"Các email của năm 2023 sẽ được chuyển trước để người dùng thuận tiện làm việc. Các email của những năm trước sẽ được chuyển dần trong 2 tháng tiếp theo. Trong thời gian chuyển đổi, người dùng có thể login vào account cũ để xem lại các email chưa được chuyển và gửi email từ địa chỉ cũ nếu cần. Phần Calendar và Rules filter email người dùng phải chủ động tạo lại từ đầu."
Tại sao email của tôi lại là Gmail?,Trong dự án chuyển đổi account fpt.com.vn sang fpt.com sẽ có một số đơn vị thuộc khối Công nghệ Hạ tầng sử dụng dịch vụ Google Workspace thay cho Office 365.
Nếu dữ liệu của em không đủ thì sao các anh?,"Các email của năm 2023 sẽ được chuyển trước để người dùng thuận tiện làm việc. Các email của những năm trước sẽ được chuyển dần trong 2 tháng tiếp theo. Trong thời gian chuyển đổi, người dùng có thể login vào account cũ để xem lại các email chưa được chuyển và gửi email từ địa chỉ cũ nếu cần. Phần Calendar và Rules filter email người dùng phải chủ động tạo lại từ đầu."
Tôi không nhận được thông báo password?,"Account mới sẽ được gửi đến người dùng bắt đầu từ ngày 08/05/2023. Nếu có nhu cầu đặc biệt cần cấp sớm hơn, có thể tạo ticket trên ssc.fpt.net với nhân sự để được active sớm"
FPT đã cung cấp hỗ trợ kỹ thuật cho người dùng khi gặp vấn đề về tài khoản Email @fpt.com không?,"FTEL sẽ có các thông tin truyền thông và hướng dẫn chuyển đổi sang fpt.com cho người dùng trên kênh chính thức FoxNews. Mọi hỗ trợ kỹ thuật vui lòng liên hệ qua WorkChat ""FTEL IT Support"" tại https://fpt.workplace.com/chat/t/106694372414376"
Email cũ có gửi được ra nữa không?,"Email gửi vào địa chỉ cũ (fpt.com.vn) sẽ được duy trì forward sang địa chỉ mới (fpt.com) đến 13/9/2025. Sau thời gian này, tài khoản cũ sẽ được thu hồi."
Tôi có thể liên hệ với ai để được giải đáp các thắc mắc liên quan đến email mới?,Anh/chị có thể gửi những thắc mắc liên quan đến email mới tại hệ thống chat bot này.
"Tôi không gửi được email ra bên ngoài (Yahoo, Gmail)","Ở thời điểm hiện tại có một số policy chưa cho  phép người dùng gửi mail đến các dịch vụ mail free như Yahoo, Gmail. Vui lòng tổng hợp danh sách các account chưa gửi được và thông tin lại cho cán bộ admin/HCNS nhân sự của từng đơn vị để báo ban nhân sự liên hệ FIM xử lý."
"Làm thế nào để reset authenticator, otp email?","Để reset authenticator của account fpt.com, anh/chị vui lòng tạo ticket trên SSC, mục Reset OTP Email để được hỗ trợ:
https://ssc.fpt.net/secure/SSC01CreateTicket.jspa?processId=1066&catalogId=11&issueKeys"
Làm thế nào để xem email cũ (fpt.com.vn)?,"Các email năm 2023 sẽ được chuyển trước để người dùng thuận tiện làm việc. Email trước đó sẽ được chuyển dần trong 2 tháng tiếp theo. Trong thời gian chuyển đổi, người dùng có thể login vào account cũ để tra lại các mail chưa được chuyển. Phần calendar và rule mail người dùng chủ động tạo lại từ đầu."
Account mới fpt.com của tôi đăng nhập vào Team không thấy gì cả?,"Do đặc thù của MS Teams và việc chuyển đổi này, nội dung chat của FPT và các CTTV (trừ FSoft) sẽ chỉ còn ở hệ thống cũ, FPT sẽ duy trì hệ thống này tới 13/09/2023. Cán bộ nhân viên chủ động copy dữ liệu về, tự tạo các group chat mới và duy trì công việc hiện tại"
Sao tôi đổi password mãi không được?,"Vui lòng đọc kỹ hướng dẫn đổi mật khẩu cho account fpt.com tại: https://ess.fpt.com/account/change-password
Lưu ý không dùng lại mật khẩu cũ và nếu vừa đổi mật khẩu thì phải đợi 3 ngày sau mới được đổi tiếp"
Tôi không muốn forward email cũ sang hòm mail mới này nữa?,"Người dùng có thể dừng forward sang hòm mail mới như sau:
Đăng nhập vào tài khoản Outlook 365 bằng email cũ của bạn.
Nhấp vào biểu tượng bánh răng ở góc trên cùng bên phải của trang và chọn ""Xem tất cả các cài đặt Outlook"".
Chọn ""Email"" ở thanh bên trái.
Tìm và chọn ""Chuyển tiếp"".
Chọn ""Tắt chuyển tiếp"" và nhấp vào nút ""Lưu"" để lưu các thay đổi của bạn."
Onedrive của tôi không nhìn thấy các file?,Dữ liệu trên OneDrive cá nhân sẽ do người dùng chủ động thực hiện. Hiện tại chưa có tool migrate việc phân quyền này nên người dùng tự đối chiếu phân quyền cũ và cấu hình phân quyền truy nhập File/folder cho OneDrive/ Google Drive mới. Tham khảo hướng dẫn chuyển dữ liệu OneDrive sang account mới tại https://foxnews.fpt.vn/huong-dan-chuyen-doi-du-lieu-onedrive-tu-fpt-com-vn-sang-fpt-com/
Tôi đổi password rồi sao không login được vào email mới?,"Sau khi đổi password email, anh/chị vui lòng đợi từ 5-10 phút để hệ thống cập nhật cấu hình. Nếu vẫn không login được, anh/chị vui lòng gửi thông tin đến admin/cán bộ HCNS của đơn vị để nhờ hỗ trợ reset lại password email của anh/chị."
Account mới của tôi không vào được Sharepoint để làm việc?,"Các dữ liệu trên Sharepoint sẽ được chuyển sang hệ thống mới sau. Trong giai đoạn này, bạn vui lòng dùng account cũ để làm việc trên Sharepoint. Admin của site Sharepoint sẽ liên hệ với IT để được hướng dẫn, hỗ trợ chuyển đổi."
Cài Outlook thế nào bây giờ nhỉ?,Việc cài đặt outlook giống như đã làm với account fpt.com.vn cũ
Tôi có thể giữ email cũ fpt.com.vn trong bao lâu,"Tài email khoản cũ (@fpt.com.vn) chỉ được phép nhận email và duy trì trong 2 năm tính từ 13/9/2023. Sau thời gian này, tài khoản cũ sẽ được thu hồi."
Email mới login trên điện thoại không được. Phải làm sao,"Vui lòng đăng nhập thử trên webmail trước bằng URL sau: https://portal.office.com/.
Sau đó thử cấu hình lại account mới trên điện thoại."
"Tôi không login được vào các ứng dụng ePayment, ePurchase, myFPT, SSC, ticket, SCM, FTELSCM...","Sau khi chuyển đổi account, nếu không login được các dịch vụ/ứng dụng như ePayment, ePurchase, myFPT, SSC, ticket, SCM, FTELSCM... anh/chị vui lòng liên hệ quản trị viên của các dịch vụ/ứng dụng trên để được hỗ trợ."
Hiện em vẫn chưa nhận được mail báo chuyển đổi sang domain mới. Anh/chị check giúp em với ạ.,"Account mới sẽ được gửi đến người dùng bắt đầu từ ngày 08/05/2023. Nếu có nhu cầu đặc biệt cần cấp sớm hơn, có thể tạo ticket trên ssc.fpt.net với nhân sự để được active sớm"
Hiện tại account mới của mình không login được Office 365 nhờ anh chị support giúp ạ.,"Vui lòng kiểm tra đúng user và password mới trước khi đăng nhập.
- Mở trình duyệt và truy nhập vào https://office.com/
- Bấm vào avatar của bạn ở góc trên bên phải, chọn ""Sign in with a different account""
- Log in lại bằng account mới"
Em nhập đúng mật khẩu mà không vào được !? Liên hệ ai thế các anh,"Vui lòng kiểm tra đúng user và password mới trước khi đăng nhập.
- Mở trình duyệt và truy nhập vào https://office.com/
- Bấm vào avatar của bạn ở góc trên bên phải, chọn ""Sign in with a different account""
- Log in lại bằng account mới"
"Hiện tại account mới của mình không login được nhờ anh chị support giúp ạ.
","Vui lòng kiểm tra đúng user và password mới trước khi đăng nhập.
- Mở trình duyệt và truy nhập vào https://office.com/
- Bấm vào avatar của bạn ở góc trên bên phải, chọn ""Sign in with a different account""
- Log in lại bằng account mới"
Group mail có thay đổi ko? cần phải tạo mới group mail và xóa group fpt.com.vn ko?,"Group được giữ nguyên, email được đổi đuôi sang FPT.COM"
"em có 2 nhân viên vẫn chưa nhận được mail hướng dẫn chuyển đổi sang domain mới, mong team check giúp em ạ?","Account mới sẽ được gửi đến người dùng bắt đầu từ ngày 08/05/2023. Nếu có nhu cầu đặc biệt cần cấp sớm hơn, có thể tạo ticket trên ssc.fpt.net với nhân sự để được active sớmFTEL sẽ có các thông tin truyền thông và hướng dẫn chuyển đổi sang fpt.com cho người dùng trên kênh chính thức FoxNews. Mọi hỗ trợ kỹ thuật vui lòng liên hệ qua WorkChat ""FTEL IT Support"" tại https://fpt.workplace.com/chat/t/106694372414376"
Hiện tại mình bị lỗi phần quét mã QR khi login account với outlook và SET-UP MFA cho account mới?,"Vui lòng kiểm tra đúng user và password mới trước khi đăng nhập.
- Mở trình duyệt và truy nhập vào https://office.com/
- Bấm vào avatar của bạn ở góc trên bên phải, chọn ""Sign in with a different account""
- Log in lại bằng account mới"
Tôi không vào được Workplace?,"Hướng dẫn login Workplace/Workchat bằng account mới:

- Khi nhận được email fpt.com là bạn sẽ bị phải login Workchat/Workplace bằng account mới
- Bạn mở trình duyệt và truy nhập vào https://office.com/
- Bấm vào avatar của bạn ở góc trên bên phải, chọn ""Sign in with a different account""
- Bạn sẽ log in bằng account mới thành công
- Bạn mở tab mới trên trình duyệt web đó, truy nhập vào https://fpt.workplace.com/ để đăng nhập với account mới
Dữ liệu WorkChat là nội dung chat sẽ được chuyển tự động và gán đúng cho user account mới của từng người. Về cơ bản, user chỉ thay đổi xác thực bằng account email mới, dữ liệu chat vẫn được giữ nguyên."
Mình dùng account mới để đăng nhập workplace không được (Mình đã thử xóa cookie của trình duyệt vẫn không được ạ.) nên nhờ IT hỗ trợ với ạ?,"Hướng dẫn login Workplace/Workchat bằng account mới:

- Khi nhận được email fpt.com là bạn sẽ bị phải login Workchat/Workplace bằng account mới
- Bạn mở trình duyệt và truy nhập vào https://office.com/
- Bấm vào avatar của bạn ở góc trên bên phải, chọn ""Sign in with a different account""
- Bạn sẽ log in bằng account mới thành công
- Bạn mở tab mới trên trình duyệt web đó, truy nhập vào https://fpt.workplace.com/ để đăng nhập với account mới
Dữ liệu WorkChat là nội dung chat sẽ được chuyển tự động và gán đúng cho user account mới của từng người. Về cơ bản, user chỉ thay đổi xác thực bằng account email mới, dữ liệu chat vẫn được giữ nguyên."
"Hiện tại em đang update để add mã QR cho acc mới của linhtn25 vào Authenicator nhưng khi quét mã thì thấy báo mã không hợp lệ nhờ mọi người hỗ trợ ạ?
","Vui lòng kiểm tra đúng user và password mới trước khi đăng nhập.
- Mở trình duyệt và truy nhập vào https://office.com/
- Bấm vào avatar của bạn ở góc trên bên phải, chọn ""Sign in with a different account""
- Log in lại bằng account mới"
Sau khi chuyển đổi doiman fpt.com.vn sang fpt.com thì em bị mất quyền vào Power Bi.,"Sau khi chuyển đổi domain fpt.com.vn sang fpt.com mà bị mất quyền vào Power Bi hoặc bất kỳ ứng dụng nào khác, anh/chị vui lòng mô tả cụ thể thông tin vào ticket theo đường dẫn sau:
https://ssc.fpt.net/secure/SSC01CreateTicket.jspa?processId=332&catalogId=11&issueKeys="
Tôi muốn đổi mật khẩu hoặc unlock account thì làm thế nào?,Địa chỉ trang web đổi mật khẩu và unlock account: https://ess.fpt.com
Account mới của tôi là gì?,"Account mới sẽ được gửi đến người dùng bắt đầu từ ngày 08/05/2023. Nếu có nhu cầu đặc biệt cần cấp sớm hơn, có thể tạo ticket trên ssc.fpt.net với nhân sự để được active sớm"
Tôi có thể xem danh sách các ứng dụng đã được chuyển đổi xác thực ở đâu?,Danh sách các ứng dụng đã chuyển đổi được cập nhật tại đây: https://portal.fpt.com.vn/
Những ứng dụng nào đã được chuyển đổi xác thực?,Danh sách các ứng dụng đã chuyển đổi được cập nhật tại đây: https://portal.fpt.com.vn/
,"Dự án chuyển đổi FPT.COM chính thức được triển khai từ 15/03/2023. Đây là một bước tiến trong quá trình toàn cầu hoá, tăng cường vị thế trên trường quốc tế của FPT, đồng thời góp phần mang đến trải nghiệm thuận tiện cho cán bộ nhân viên và khách hàng."
Đổi mật khẩu trên accoun mới như thế nào?,Vui lòng xem hướng dẫn đổi mật khẩu tại đây: https://foxnews.fpt.vn/video-huong-dan-doi-mat-khau/
Bật xác thực hai bước trên account mới như thế nào?,Vui lòng xem hướng dẫn bật xác thực 2 bước tại đây: https://foxnews.fpt.vn/huong-dan-su-dung-xac-thuc-2-buoc-cho-tai-khoan-fpt-com/
Chuyển đổi dữ liệu onedrive sang account mới như thế nào?,Vui lòng xem hướng dẫn chuyển đổi Onedrive tại đây: https://foxnews.fpt.vn/huong-dan-chuyen-doi-du-lieu-onedrive-tu-fpt-com-vn-sang-fpt-com/
Lý do chuyển đổi sang dùng domain là gì?,"Dự án chuyển đổi FPT.COM sẽ được triển khai từ 15/3 đến 31/8. Theo đó, các tài khoản email của CBNV có đuôi @FPT.COM.VN và @FSOFT.COM.VN sẽ được chuyển đổi thành địa chỉ email chung @FPT.COM. Đây là một bước tiến trong quá trình toàn cầu hoá, tăng cường vị thế trên trường quốc tế của FPT, đồng thời góp phần mang đến trải nghiệm thuận tiện cho CBNV và khách hàng."
Khi nào thì bàn giao account @FPT.COM?,Toàn bộ tài khoản mới @FPT.COM sẽ được bàn giao qua email cũ cho từng CBNV sau khi được khởi tạo. Mật khẩu sẽ được gửi tới địa chỉ email hiện tại của CBNV theo kế hoạch chuyển đổi từng đơn vị.
Dự án chuyển đổi FPT.COM bắt đầu khi nào?,"Dự án chuyển đổi FPT.COM chính thức được triển khai từ 15/03/2023. Đây là một bước tiến trong quá trình toàn cầu hoá, tăng cường vị thế trên trường quốc tế của FPT, đồng thời góp phần mang đến trải nghiệm thuận tiện cho cán bộ nhân viên và khách hàng."
Dự án chuyển đổi FPT.COM có ý nghĩa như thế nào?,"Phát biểu tại sự kiện, anh Nguyễn Thế Phương - Phó tổng giám đốc FPT nhấn mạnh dự án này vô cùng ý nghĩa về mặt hình ảnh của FPT, hướng đến công ty toàn cầu, đặc biệt FPT Software là công ty chiến lược quan trọng của tập đoàn (đang có tên miền riêng fsoft.com.vn). Với việc hợp nhất tên miền, việc làm chung trong nội bộ và hình ảnh “One FPT” sẽ tốt lên nhiều. "
Chiến lược go global liên quan gì đến việc chuyển đổi FPT.COM?,"Anh Nguyễn Xuân Việt - Giám đốc Công nghệ Thông tin FPT nhấn mạnh, dự án giúp hiện thực hóa chiến lược go global - toàn cầu hoá của FPT. "
Vì sao lại phải dùng FPT.COM?,"Anh Đào Duy Cường - Giám đốc Chuyển đổi số FPT Software cho rằng với dự án này, các vấn đề như thiếu đồng bộ giữa email và website công ty FSOFT không còn nữa, đồng thời giúp FPT cũng như FPT Software hướng đến mục tiêu trở thành công ty toàn cầu. Anh Cường cũng đánh giá dự án này cực kỳ phức tạp, khối lượng công việc lớn, có nhiều phát sinh khiến hướng đi của dự án liên tục thay đổi. Tuy nhiên, các bên đều hợp tác cởi mở, tận tâm tận lực để cùng tìm giải pháp tốt nhất, đem lại sự thuận tiện nhất cho hơn 60.000 nhân viên FPT. Anh tin với tinh thần này, dự án sẽ đạt mục tiêu thành công tốt đẹp."
Khi nào thì sẽ chuyển đổi domain FPT.COM?,"Dự kiến, FPT Software sẽ tiên phong hoàn tất việc chuyển đổi vào ngày 28/4. Các đơn vị sẽ sẽ hoàn tất chuyển đổi trước ngày 23/5 gồm: FPT Digital, FPT Smart Cloud, FPT Online, FPT Retail, Synnex FPT. Các đơn vị còn lại: FPT Telecom, FPT IS, FPT HO, DC5 sẽ hoàn thành việc chuyển đổi trước ngày 31/8."
Những ai sẽ được dùng account @fpt.com?,"Toàn bộ email của cán bộ nhân viên FPT sẽ chuyển đổi sang tên miền @fpt.com (đơn vị sử dụng tên miền như fe.edu.vn, vnexpress.net, telehouse.vn sẽ có thông báo sau). Khi tới lịch chuyển đổi của từng đơn vị, từng cá nhân sẽ nhận được tài khoản và mật khẩu thông qua hòm mail hiện tại."
"Ứng dụng Epayment, Epurchase, Eiso sẽ dùng account nào để đăng nhập?","Từ 15/4, CBNV có thể đăng nhập bằng cả tài khoản mới và cũ vào các hệ thống: Loyalty, Epurchase, Epayment, Eiso, App Inventory, Tuyendung.
CBNV có thể đăng nhập vào các hệ thống trên (https://epayment.fpt.com.vn/, https://epurchase.fpt.com.vn/,…) bằng cả tài khoản cũ (@FPT.COM.VN) và tài khoản mới (@FPT.COM). Hai tài khoản email được sử dụng song song cho đến khi có thông báo mới."
Hướng dẫn chuyển đổi của Ban CNTT như thế nào?,"Để chuyển đổi, cán bộ nhân viên FTEL cần đăng nhập vào hệ thống và đổi mật khẩu; thực hiện sao lưu dữ liệu OneDrive, Sharepoint, Teams của cá nhân; thực hiện đăng tải dữ liệu lên tài khoản mới. Người dùng có sử dụng PowerApps như PowerBI, Automate sẽ tự sao lưu dữ liệu của cá nhân."
Tài khoản email cũ sẽ như thế nào?,"Tài khoản email cũ (@fpt.com.vn) chỉ được phép nhận email và duy trì trong 2 năm tính từ 13/9/2023. Sau thời gian này, tài khoản cũ sẽ được thu hồi."
"Tôi nhận được email phishing, lừa đảo thì phải làm thế nào?","Trong giai đoạn chuyển đổi (@FPT.COM.VN sang @FPT.COM), nguy cơ bị tấn công qua email càng tăng cao. Người FPT cần cẩn trọng với email lừa đảo. Thông tin chi tiết: https://chungta.vn/photo/infographic/nguoi-fpt-can-can-trong-voi-email-lua-dao-1136656.html"
Kịch bản chuyển đổi FPT.COM ở FTEL như thế nào?,"Các mailbox sẽ được IT khởi tạo, đồng bộ dữ liệu email. Ngày 8/5, ban nhân sự sẽ bàn giao tài khoản đăng nhập email mới (@FPT.COM) cho từng cán bộ. Khi nhận được email từ FTELHR thông báo username password, mọi người cần truy cập trang web ess.fpt.com để đổi mật khẩu lần đầu, đăng ký xác thực hai bước (OTP/MFA) tại office.com và đăng nhập vào Workplace/Workchat bằng tài khoản mới. Chi tiết hướng dẫn active tài khoản mới, vui lòng xem ở đây: https://foxnews.fpt.vn/category/fcc/chuyendoifpt-com/"
Vì sao tôi thấy web mail cảnh báo đang forward email?,"Trong vòng 2 tuần đầu tiên (từ 8/5/2023 đến 22/5/2023), email gửi tới địa chỉ @fpt.com.vn sẽ đi vào cả hai mailbox cũ (@fpt.com.vn) và mới (@FPT.COM). Sau ngày 22/5/2023, chỉ có mailbox mới nhận được email gửi tới địa chỉ @fpt.com.vn, mailbox cũ không nhận được email nữa. Việc forward email từ địa chỉ @fpt.com.vn sang địa chỉ @fpt.com sẽ được duy trì 2 năm đến 13/9/2025. Sau thời gian này, tài khoản cũ sẽ được thu hồi."
"Sau khi kích hoạt, tài khoản mới dùng được ở những ứng dụng nào?","Sau khi kích hoạt tài khoản mới @FPT.COM, người dùng có thể truy cập một số ứng dụng đã chuyển đổi xác thực bằng tài khoản mới. Danh sách các ứng dụng đã hoàn thành chuyển đổi xác thực có thể theo dõi ở đây: https://portal.fpt.com.vn/ Ngoài ra đơn vị chủ quản của ứng dụng sẽ có thông báo riêng về tiến độ chuyển đổi xác thực của từng ứng dụng. Các ứng dụng chưa chuyển đổi xác thực, người dùng tiếp tục sử dụng tài khoản cũ để đăng nhập.
"
Dữ liệu OneDrive của tôi có được chuyển đổi không? Tôi không nhìn thấy các file trong OneDrive mới.,"Dữ liệu OneDrive của người dùng có gói Office 365 không được chuyển đổi dữ liệu tự động sang tài khoản mới. Hướng dẫn chi tiết chuyển đổi dữ liệu OneDrive, vui lòng xem ở đây: https://foxnews.fpt.vn/huong-dan-chuyen-doi-du-lieu-onedrive-tu-fpt-com-vn-sang-fpt-com/"
Tôi không tìm thấy Sharepoint trên account mới.,"Các site Sharepoint sẽ không được chuyển đổi dữ liệu tự động. Admin của site cần chủ động thực hiện backup/restore dữ liệu sang site Sharepoint mới. Hướng dẫn chi tiết chuyển đổi Sharepoint, vui lòng xem ở đây: https://foxnews.fpt.vn/huong-dan-sao-luu-va-dong-bo-du-lieu-cong-cu-sharepoint/ Trong thời gian chưa chuyển đổi, người dùng tiếp tục dùng tài khoản cũ (@fpt.com.vn) để truy cập vào Sharepoint. Admin của các site Sharepoint có dữ liệu lớn cần hỗ trợ chuyển đổi có thể liên hệ bộ phận IT để được giúp đỡ."
Account Google workspace của tôi là gì?,Account mới sẽ được gửi đến người dùng bắt đầu từ ngày 08/05/2023. Người dùng sau khi đổi mật khẩu sẽ đăng nhập được vào google.com bằng account mới.
Thời gian chuyển đổi sang Google workspace là bao giờ?,Người dùng có thể sử dụng account google workspace ngay sau khi nhận được thông tin tài khoản từ HR FTEL. Vui lòng đổi mật khẩu trước khi sử dụng.
Khi nào người dùng bắt đầu dùng Google workspace,Người dùng có thể sử dụng account google workspace ngay sau khi nhận được thông tin tài khoản từ HR FTEL. Vui lòng đổi mật khẩu trước khi sử dụng.
Dữ liệu email của tôi có được chuyển sang Google không?,"Các email của năm 2023 sẽ được chuyển trước để người dùng thuận tiện làm việc. Các email của những năm trước sẽ được chuyển dần trong 2 tháng tiếp theo. Trong thời gian chuyển đổi, người dùng có thể login vào account cũ để xem lại các email chưa được chuyển và gửi email từ địa chỉ cũ nếu cần. Phần Calendar và Rules filter email người dùng phải chủ động tạo lại từ đầu."
Ai sẽ chuyển dữ liệu email của tôi sang Google?,IT sẽ hỗ trợ chuyển tự động email sang hệ thống Google.
Bao lâu thì tôi có đủ email trên hệ thống mới?,IT sẽ hỗ trợ chuyển tự động email sang hệ thống mới. Thời gian dự kiến hoàn tất sau 2 tháng kể từ ngày nhận được thông tin account mới.
Dữ liệu Onedrive của tôi có được chuyển sang Google Drive không?,Người dùng khối công nghệ hạ tầng chủ động việc chuyển đổi dữ liệu từ Onedrive sang Google Drive
"Vì sao có người dùng tài khoản Google, có người dùng tài khoản Office 365?","Khối công nghệ hạ tầng, FHR, FCC, FTC của FPT Telecom sẽ tiên phong chuyển đổi thử nghiệm từ Office 365 sang Google Workspace. Việc sử dụng Google Workspace là cơ sở để ban điều hành quyết định có chuyển đổi toàn bộ sang sử dụng nền tảng office mới trên Google hay không. Vì vậy đề nghị mọi người sử dụng hệ thống mới ngay sau khi được cấp account."
Bao lâu sau khi đổi mật khẩu tôi có thể sử dụng được hệ thống mới?,"Sau khi đổi mật khẩu, người dùng vui lòng chờ 5 phút để hệ thống đồng bộ. Sau đó có thể  đăng nhập trên các hệ thống mới."
Lịch họp trên Office365 có được chuyển sang Google Calendar không?,Người dùng chủ động tạo lại lịch họp trên hệ thống mới.
Tôi có thể sử dụng account mới trên cả Office 365 và trên Google Workspace không?,"Không. Người dùng khối công nghệ hạ tầng và một số của FTC, FCC, FTC sử dụng account trên nền tảng Google Workspace. Còn lại sử dụng trên Office 365."
Tôi không muốn sử dụng Google Workspace thì sao?,"Việc thử nghiệm sử dụng Google Workspace là cơ sở để ban điều hành quyết định có chuyển đổi toàn bộ sang sử dụng nền tảng office mới trên Google Workspace hay không. Vì vậy đề nghị mọi người sử dụng hệ thống mới ngay sau khi được cấp account. Nếu bạn không thuộc khối công nghệ hạ tầng, hoặc không nằm trong danh sách nhận ""Thông báo về việc thử nghiệm sử dụng Google Workspace"" vui lòng mở ticket tại https://ssc.fpt.net/secure/SSC01CreateTicket.jspa?processId=332&catalogId=11 để được hỗ trợ."
