hello,xin chàoo
xin chào,chao xìn
chào bạn,xin chào
hi,hii fpt
hê s lô,chào bạn
alo alo,blo blo
alo,blo
hoàng sa trường sa của nước nào,"hoàng sa, trường sa là của việt nam <3"
tult là ai,tult phụ trách it của ftel
bạn khỏe không?,"tôi khỏe, cảm ơn bạn."
hi fpt,hiii
hi,hi
hello,hello
bạn là ai,tôi là ftel it support
1 + 1,1+1=2
1+1,bằng 2-1
1 cộng 1 là mấy,câu này khó quá …
ngon,hihihi
ngon,<3
ngon,ok bạn
ok,<3
ok,ok bạn
ok,okii
dữ liệu cũ trong outlook trong mail cũ fpt.com.vn có được backup và chuyển sang cho mail mới fpt.com hay không? vì đang dùng outlook bản web?,"các email của năm 2023 sẽ được hệ thống tự động chuyển trước để người dùng thuận tiện làm việc. các email của những năm trước sẽ được chuyển dần trong 2 tháng tiếp theo. trong thời gian chuyển đổi, người dùng có thể login vào account cũ để xem lại các email chưa được chuyển và gửi email từ địa chỉ cũ nếu cần. phần calendar và rules filter email người dùng phải chủ động tạo lại từ đầu."
"dạ cho em hỏi là mail của em hiện tại có đăng ký dùng wifi áp dụng ưu đãi cho nhân viên, vậy khi chuyển qua mail mới thì có bị gì không ạ.
cty có hỗ trợ chuyển qua mail mới trên hợp đồng wifi không ạ.?",việc sử dụng gói cước ưu đãi không ảnh hưởng bởi việc chuyển đổi account. bạn có thể liên hệ tổng đài 19006600 để được hỗ trợ việc thay đổi email trên hợp đồng internet của mình
bao giờ thì tôi có account mới đây?,pasword của account mới sẽ được gửi đến người dùng trước ngày 08/05/2023. password sẽ được bda gửi tự động từ hệ thống akabot-ssc (từ địa chỉ email fim.bot@fpt.com.vn). do hệ thống gửi chậm nên bạn vui lòng chờ đợi thêm.
"gói office 365 của tôi trước đây là gói e3, sao bây giờ lại là gói e1?","nhân viên ftel được cung cấp các gói email office 365 là e0, e1, e3 hoặc email exchange local. tùy theo yêu cầu công việc, cấp bậc và số lượng license còn lại, ban nhân sự sẽ quyết định việc phân bổ gói office 365 phù hợp. nếu còn thắc mắc về gói office 365 của mình thì bạn có thể liên hệ admin hoặc cán bộ hcns đơn vị."
"tôi có được cung cấp đầy đủ thông tin về quy trình chuyển đổi từ @fpt.com.vn sang @fpt.com không?
","ftel sẽ có các thông tin truyền thông và hướng dẫn chuyển đổi sang fpt.com cho người dùng trên kênh chính thức foxnews. mọi hỗ trợ kỹ thuật vui lòng liên hệ qua workchat ""ftel it support"" tại https://fpt.workplace.com/chat/t/106694372414376"
"sao trong mailbox của tôi chỉ có mail năm 2023, email cũ đâu hết rồi?","các email của năm 2023 sẽ được hệ thống tự động chuyển trước để người dùng thuận tiện làm việc. các email của những năm trước sẽ được chuyển dần trong 2 tháng tiếp theo. trong thời gian chuyển đổi, người dùng có thể login vào account cũ để xem lại các email chưa được chuyển và gửi email từ địa chỉ cũ nếu cần. phần calendar và rules filter email người dùng phải chủ động tạo lại từ đầu."
các dữ liệu mail của tôi có được đồng bộ từ email cũ sang email mới không?,"các email của năm 2023 sẽ được hệ thống tự động chuyển trước để người dùng thuận tiện làm việc. các email của những năm trước sẽ được chuyển dần trong 2 tháng tiếp theo. trong thời gian chuyển đổi, người dùng có thể login vào account cũ để xem lại các email chưa được chuyển và gửi email từ địa chỉ cũ nếu cần. phần calendar và rules filter email người dùng phải chủ động tạo lại từ đầu."
tài khoản cũ có còn sử dụng được nữa không ?,"email gửi vào địa chỉ cũ (fpt.com.vn) sẽ được duy trì forward sang địa chỉ mới (fpt.com) đến 13/9/2025. sau thời gian này, tài khoản cũ sẽ được thu hồi.với các ứng dụng đã hoàn tất chuyển đổi xác thực, người dùng sử dụng account mới để đăng nhập. các ứng dụng chưa hoàn tất chuyển đổi vui lòng đăng nhập bằng account cũ. danh sách các ứng dựng có thể đăng nhập bằng account fpt.com cập nhật tại đây https://portal.fpt.com.vn/"
"toàn bộ file dữ liệu được lưu trên trang fptcloud-my.sharepoint.com, hay tài khoản o365 sẽ được đồng bộ như nào? người dùng có cần tải về backup ở máy hay không?","ngoài email, toàn bộ dữ liệu trên office365 sẽ không được tự động chuyển, bạn cần chủ động thực hiện việc chuyển đổi data này theo hướng dẫn. vui long tham khảo hướng dẫn tại đây https://foxnews.fpt.vn/category/fcc/chuyendoifpt-com/"
sau này (sau hơn 2 năm) các email gửi tới @fpt.com.vn có được gửi về @fpt.com không ạ?,"email gửi vào địa chỉ cũ (fpt.com.vn) sẽ được duy trì forward sang địa chỉ mới (fpt.com) đến 13/9/2025. sau thời gian này, tài khoản cũ sẽ được thu hồi."
cấu hình chuyển đổi fpt.com.vn sang fpt.com như thế nào?,"email fpt.com.vn sẽ được chuyển đổi sang email fpt.com trước khi bàn giao đến anh/chị. các ứng dụng khác trên office 365, anh/chị vui lòng thực hiện backup data theo như hướng dẫn đã được truyền thông trên foxnews: https://foxnews.fpt.vn/category/fcc/chuyendoifpt-com/"
cần làm gì để chuyển đổi account fpt.com.vn sang fpt.com?,"email fpt.com.vn sẽ được chuyển đổi sang email fpt.com trước khi bàn giao đến anh/chị. các ứng dụng khác trên office 365, anh/chị vui lòng thực hiện backup data theo như hướng dẫn đã được truyền thông trên foxnews: https://foxnews.fpt.vn/category/fcc/chuyendoifpt-com/"
các rule trong outlook tôi tạo đâu hết rồi?,"các email của năm 2023 sẽ được hệ thống tự động chuyển trước để người dùng thuận tiện làm việc. các email của những năm trước sẽ được chuyển dần trong 2 tháng tiếp theo. trong thời gian chuyển đổi, người dùng có thể login vào account cũ để xem lại các email chưa được chuyển và gửi email từ địa chỉ cũ nếu cần. phần calendar và rules filter email người dùng phải chủ động tạo lại từ đầu."
làm sao để chuyển dữ liệu trên trang sharepoint của nhóm?,"vui lòng tập hợp danh sách các trang sharepoint và gửi về trưởng bộ phận/đơn vị. trưởng bộ phận, đơn vị liên hệ với bộ phận it để nhận được phương án hỗ trợ."
cho em hỏi dữ liệu của onedrive trên ms vẫn được đồng bộ qua gg space đúng không ạ?,dữ liệu trên onedrive cá nhân sẽ do người dùng chủ động thực hiện chuyển đổi. hiện tại chưa có tool migrate việc phân quyền này nên người dùng tự đối chiếu phân quyền cũ và cấu hình phân quyền truy nhập file/folder cho onedrive/ google drive mới. tham khảo hướng dẫn chuyển dữ liệu onedrive sang account mới tại https://foxnews.fpt.vn/huong-dan-chuyen-doi-du-lieu-onedrive-tu-fpt-com-vn-sang-fpt-com/
sau khi đổi thì không đủ mail thì như thế nào các anh?,"các email của năm 2023 sẽ được hệ thống tự động chuyển trước để người dùng thuận tiện làm việc. các email của những năm trước sẽ được chuyển dần trong 2 tháng tiếp theo. trong thời gian chuyển đổi, người dùng có thể login vào account cũ để xem lại các email chưa được chuyển và gửi email từ địa chỉ cũ nếu cần. phần calendar và rules filter email người dùng phải chủ động tạo lại từ đầu."
"có mất mail, calendar không các anh?","các email của năm 2023 sẽ được hệ thống tự động chuyển trước để người dùng thuận tiện làm việc. các email của những năm trước sẽ được chuyển dần trong 2 tháng tiếp theo. trong thời gian chuyển đổi, người dùng có thể login vào account cũ để xem lại các email chưa được chuyển và gửi email từ địa chỉ cũ nếu cần. phần calendar và rules filter email người dùng phải chủ động tạo lại từ đầu."
việc chuyển đổi có ảnh hưởng đến các hệ thống đã sử dụng account cũ không?,"với các ứng dụng đã hoàn tất chuyển đổi xác thực, người dùng sử dụng account mới để đăng nhập. các ứng dụng chưa hoàn tất chuyển đổi vui lòng đăng nhập bằng account cũ."
khi bấm quên mật khẩu cho các dịch vụ sử dụng bên ngoài có đăng ký bằng account fpt.com.vn thì mật khẩu có gửi về địa chỉ mail cũ không?,các mail gửi đến account cũ vẫn forward sang account mới. tuy nhiên sau khi việc chuyển đổi hoàn tất người dùng nên đổi lại account mới trên các trang đăng ký dịch vụ.
sao tôi lại bị đổi tên hu hu?,trong đợt chuyển đổi domain fpt.com lần này có khoảng 3% email sẽ bị thay đổi số thứ tự do bị trùng giữa các cttv. việc này đã được ban nhân sự và ban cntt của tập đoàn thống nhất. thông tin chính thức ftel.fhr sẽ gửi cho bạn khi bàn giao account mới.
"tôi không thích account mới, có dùng tiếp account cũ được không?","với các ứng dụng đã hoàn tất chuyển đổi xác thực, người dùng sử dụng account mới để đăng nhập. các ứng dụng chưa hoàn tất chuyển đổi vui lòng đăng nhập bằng account cũ. danh sách các ứng dựng có thể đăng nhập bằng account fpt.com cập nhật tại đây https://portal.fpt.com.vn/"
tài khoản của tôi là gì trên hệ thống @fpt.com?,pasword của account mới sẽ được gửi đến người dùng trước ngày 08/05/2023. password sẽ được bda gửi tự động từ hệ thống akabot-ssc (từ địa chỉ email fim.bot@fpt.com.vn). do hệ thống gửi chậm nên bạn vui lòng chờ đợi thêm.
tại sao nhiều mail cũ của tôi tự nhiên lại thành trạng thái chưa đọc (unread)?,"nhiều email cũ của anh/chị bị chuyển trạng thái từ read -> unread có thể do 1 số lí do sau:
- do tính năng chuyển tiếp được tự động bật trước khi người dùng nhận được thông tin account mới để tránh bị sót mail trong quá trình chuyển đổi.
- do thay đổi cấu trúc thư mục của email, quá trình update trạng thái read/unread của mail server
- do lỗi phát sinh trong quá trình chuyển đổi từ hệ thống mail cũ sang hệ thống mail mới"
cấu trúc các thư mục trong email mới có giống với email cũ không?,"cấu trúc thư mục được giữ nguyên. tuy nhiên nếu trong thời gian chuyển đổi, người dùng thay đổi cấu trúc thư mục/hoặc xoá mail trên account cũ, hệ thống có thể không cập nhật được."
những hệ thống sử dụng email cũ có hoạt động với email mới hay không ?,"với các ứng dụng đã hoàn tất chuyển đổi xác thực, người dùng sử dụng account mới để đăng nhập. các ứng dụng chưa hoàn tất chuyển đổi vui lòng đăng nhập bằng account cũ. danh sách các ứng dựng có thể đăng nhập bằng account fpt.com cập nhật tại đây https://portal.fpt.com.vn/"
cho em hỏi có cập nhật lại số thứ tự trong email không ạ?,trong đợt chuyển đổi domain fpt.com lần này có khoảng 3% email sẽ bị thay đổi số thứ tự do bị trùng giữa các cttv. việc này đã được ban nhân sự và ban cntt của tập đoàn thống nhất. thông tin chính thức ftel.fhr sẽ gửi cho bạn khi bàn giao account mới.
việc chuyển đổi có bị mất email cũ không?,"các email của năm 2023 sẽ được hệ thống tự động chuyển trước để người dùng thuận tiện làm việc. các email của những năm trước sẽ được chuyển dần trong 2 tháng tiếp theo. trong thời gian chuyển đổi, người dùng có thể login vào account cũ để xem lại các email chưa được chuyển và gửi email từ địa chỉ cũ nếu cần. phần calendar và rules filter email người dùng phải chủ động tạo lại từ đầu."
vpn sẽ đăng nhập bằng account nào nhỉ?,"việc login vpn bằng account fpt.com hiện tại chưa sẵn sàng, vui lòng đăng nhập vpn bằng account cũ cho đến khi có thông báo mới."
khi gặp lỗi cấu hình thì cần làm gì?,"vui lòng cung cấp thông tin cụ thể hơn. khó khăn bạn gặp phải là gì? ví dụ không đổi được mật khẩu, không gửi được email, không login được workchat..."
có hướng dẫn sử dụng workspace không các anh?,bạn muốn nói đến google workspace? hiện tại chưa có hướng dẫn nhưng sử dụng cũng đơn giản như dùng gmail bình thường thôi bạn.
có hướng dẫn sử dụng workschat/workplace không các anh?,"hướng dẫn login workplace/workchat bằng account mới:

- khi nhận được email fpt.com là bạn sẽ bị phải login workchat/workplace bằng account mới
- bạn mở trình duyệt và truy nhập vào https://office.com/
- bấm vào avatar của bạn ở góc trên bên phải, chọn ""sign in with a different account"" > “use another account” để đăng nhập thêm account mới
- bạn sẽ log in bằng account mới thành công
- bạn mở tab mới trên trình duyệt web đó, truy nhập vào https://fpt.workplace.com/ để đăng nhập với account mới
dữ liệu workchat là nội dung chat sẽ được chuyển tự động và gán đúng cho user account mới của từng người. về cơ bản, user chỉ thay đổi xác thực bằng account email mới, dữ liệu chat vẫn được giữ nguyên.

nếu vẫn gặp khó khăn trong quá trình login workchat trên điện thoại, bạn có thể thử:
- truy cập link sau (lưu ý: trên iphone phải dùng safari, trên android dùng trình duyệt mặc định) để sign-out khỏi account cũ (fpt.com.vn) và đăng nhập lại bằng account mới
https://login.microsoftonline.com/logout.srf"
"account mới dùng làm gì nhỉ, có dùng song song cả 2 được không?","bạn có thể dùng song song 2 account đến 13/9/2023. sau ngày 13/9/2023 account cũ (fpt.com.vn) sẽ không gửi ra ngoài được nữa. nếu vì lý do đặc biệt, bạn cần duy trì việc gửi ra từ account cũ, vui lòng liên hệ nhân sự để được cấp quyền (tạo ticket ssc)"
"tôi có đồng bộ danh bạ và các thiết lập email của người dùng sang tài khoản @fpt.com chưa?
","các email của năm 2023 sẽ được hệ thống tự động chuyển trước để người dùng thuận tiện làm việc. các email của những năm trước sẽ được chuyển dần trong 2 tháng tiếp theo. trong thời gian chuyển đổi, người dùng có thể login vào account cũ để xem lại các email chưa được chuyển và gửi email từ địa chỉ cũ nếu cần. phần calendar và rules filter email người dùng phải chủ động tạo lại từ đầu."
tại sao có email tôi đã thả vào thư mục rồi mà nó vẫn nằm ở chỗ khác?,"cấu trúc thư mục được giữ nguyên. tuy nhiên nếu trong thời gian chuyển đổi, người dùng thay đổi cấu trúc thư mục trên account cũ, hệ thống có thể không cập nhật được."
dung lượng lưu trữ trên email mới của tôi là bao nhiêu?,dung lượng lưu trữ trên email mới tương đương với dung lượng trên email cũ
những dịch vụ nào sẽ bị ảnh hưởng sau khi chuyển email ?,tất cả những dịch vụ có sử dụng email làm phương thức xác thực đều sẽ bị ảnh hưởng bởi việc chuyển đổi này.
"tôi không đăng nhập được vào vpn bằng account mới, làm thế nào bây giờ","việc login vpn bằng account fpt.com hiện tại chưa sẵn sàng, vui lòng đăng nhập vpn bằng account cũ cho đến khi có thông báo mới."
khi có thắc mắc thì gặp ai trả lời?,"vui lòng cung cấp thông tin cụ thể hơn. khó khăn bạn gặp phải là gì? ví dụ không đổi được mật khẩu, không gửi được email, không login được workchat..."
"filter rule mail, và các thư mục có bị mất không các anh !? nếu mất thì ntn ạ","các email năm 2023 sẽ được chuyển trước để người dùng thuận tiện làm việc. email trước đó sẽ được chuyển dần trong 2 tháng tiếp theo. trong thời gian chuyển đổi, người dùng có thể login vào account cũ để tra lại các mail chưa được chuyển. phần calendar và rule mail người dùng chủ động tạo lại từ đầu."
"tôi bị đổi tên, login vào inside có đổi theo không?",inside không sử dụng account email để xác thực nên không bị ảnh hưởng.
"fpt đã thông báo đầy đủ về lịch trình chuyển đổi cho người dùng và các bên liên quan chưa?
","ftel sẽ có các thông tin truyền thông và hướng dẫn chuyển đổi sang fpt.com cho người dùng trên kênh chính thức foxnews. mọi hỗ trợ kỹ thuật vui lòng liên hệ qua workchat ""ftel it support"" tại https://fpt.workplace.com/chat/t/106694372414376"
tại sao có email tôi xóa rồi sao bây giờ vẫn thấy ở đây nhỉ?,"cấu trúc thư mục được giữ nguyên. tuy nhiên nếu trong thời gian chuyển đổi, người dùng thay đổi cấu trúc thư mục/hoặc xoá mail trên account cũ, hệ thống có thể không cập nhật được."
tôi có thể sử dụng đồng thời cả email cũ và email mới không? nếu có thể thì trong bao lâu?,"email gửi vào địa chỉ cũ (fpt.com.vn) sẽ được duy trì forward sang địa chỉ mới (fpt.com) đến 13/9/2025. sau thời gian này, tài khoản cũ sẽ được thu hồi.với các ứng dụng đã hoàn tất chuyển đổi xác thực, người dùng sử dụng account mới để đăng nhập. các ứng dụng chưa hoàn tất chuyển đổi vui lòng đăng nhập bằng account cũ."
email và tài liệu có trên email cũ sẽ xử lý như thế nào ?,"các email của năm 2023 sẽ được hệ thống tự động chuyển trước để người dùng thuận tiện làm việc. các email của những năm trước sẽ được chuyển dần trong 2 tháng tiếp theo. trong thời gian chuyển đổi, người dùng có thể login vào account cũ để xem lại các email chưa được chuyển và gửi email từ địa chỉ cũ nếu cần. phần calendar và rules filter email người dùng phải chủ động tạo lại từ đầu."
tại sao email của tôi lại là gmail?,trong dự án chuyển đổi account fpt.com.vn sang fpt.com sẽ có một số đơn vị thuộc khối công nghệ hạ tầng sử dụng dịch vụ google workspace thay cho office 365.
nếu dữ liệu của em không đủ thì sao các anh?,"các email của năm 2023 sẽ được hệ thống tự động chuyển trước để người dùng thuận tiện làm việc. các email của những năm trước sẽ được chuyển dần trong 2 tháng tiếp theo. trong thời gian chuyển đổi, người dùng có thể login vào account cũ để xem lại các email chưa được chuyển và gửi email từ địa chỉ cũ nếu cần. phần calendar và rules filter email người dùng phải chủ động tạo lại từ đầu."
tôi không nhận được thông báo password?,pasword của account mới sẽ được gửi đến người dùng trước ngày 08/05/2023. password sẽ được bda gửi tự động từ hệ thống akabot-ssc (từ địa chỉ email fim.bot@fpt.com.vn). do hệ thống gửi chậm nên bạn vui lòng chờ đợi thêm.
fpt đã cung cấp hỗ trợ kỹ thuật cho người dùng khi gặp vấn đề về tài khoản email @fpt.com không?,"ftel sẽ có các thông tin truyền thông và hướng dẫn chuyển đổi sang fpt.com cho người dùng trên kênh chính thức foxnews. mọi hỗ trợ kỹ thuật vui lòng liên hệ qua workchat ""ftel it support"" tại https://fpt.workplace.com/chat/t/106694372414376"
email cũ có gửi được ra nữa không?,"email gửi vào địa chỉ cũ (fpt.com.vn) sẽ được duy trì forward sang địa chỉ mới (fpt.com) đến 13/9/2025. sau thời gian này, tài khoản cũ sẽ được thu hồi."
tôi có thể liên hệ với ai để được giải đáp các thắc mắc liên quan đến email mới?,anh/chị có thể gửi những thắc mắc liên quan đến email mới tại hệ thống chat bot này.
"tôi không gửi được email ra bên ngoài (yahoo, gmail)","ở thời điểm hiện tại có một số policy chưa cho  phép người dùng gửi mail đến các dịch vụ mail free như yahoo, gmail. vui lòng tổng hợp danh sách các account chưa gửi được và thông tin lại cho cán bộ admin/hcns nhân sự của từng đơn vị để báo ban nhân sự liên hệ fim xử lý."
"làm thế nào để reset authenticator, otp email?","để reset authenticator của account fpt.com, anh/chị vui lòng tạo ticket trên ssc, mục reset otp email để được hỗ trợ:
https://ssc.fpt.net/secure/ssc01createticket.jspa?processid=1066&catalogid=11&issuekeys"
làm thế nào để xem email cũ (fpt.com.vn)?,"các email năm 2023 sẽ được chuyển trước để người dùng thuận tiện làm việc. email trước đó sẽ được chuyển dần trong 2 tháng tiếp theo. trong thời gian chuyển đổi, người dùng có thể login vào account cũ để tra lại các mail chưa được chuyển. phần calendar và rule mail người dùng chủ động tạo lại từ đầu."
account mới fpt.com của tôi đăng nhập vào team không thấy gì cả?,"do đặc thù của ms teams và việc chuyển đổi này, nội dung chat của fpt và các cttv (trừ fsoft) sẽ chỉ còn ở hệ thống cũ, fpt sẽ duy trì hệ thống này tới 13/09/2023. cán bộ nhân viên chủ động copy dữ liệu về, tự tạo các group chat mới và duy trì công việc hiện tại"
sao tôi đổi password mãi không được?,"vui lòng đọc kỹ hướng dẫn đổi mật khẩu cho account fpt.com tại: https://ess.fpt.com/account/change-password
lưu ý không dùng lại mật khẩu cũ và nếu vừa đổi mật khẩu thì phải đợi 3 ngày sau mới được đổi tiếp"
tôi không muốn forward email cũ sang hòm mail mới này nữa?,"người dùng có thể dừng forward sang hòm mail mới như sau:
đăng nhập vào tài khoản outlook 365 bằng email cũ của bạn.
nhấp vào biểu tượng bánh răng ở góc trên cùng bên phải của trang và chọn ""xem tất cả các cài đặt outlook"".
chọn ""email"" ở thanh bên trái.
tìm và chọn ""chuyển tiếp"".
chọn ""tắt chuyển tiếp"" và nhấp vào nút ""lưu"" để lưu các thay đổi của bạn."
onedrive của tôi không nhìn thấy các file?,dữ liệu trên onedrive cá nhân sẽ do người dùng chủ động thực hiện chuyển đổi. hiện tại chưa có tool migrate việc phân quyền này nên người dùng tự đối chiếu phân quyền cũ và cấu hình phân quyền truy nhập file/folder cho onedrive/ google drive mới. tham khảo hướng dẫn chuyển dữ liệu onedrive sang account mới tại https://foxnews.fpt.vn/huong-dan-chuyen-doi-du-lieu-onedrive-tu-fpt-com-vn-sang-fpt-com/
tôi đổi password rồi sao không login được vào email mới?,"sau khi đổi password email, anh/chị vui lòng đợi từ 5-10 phút để hệ thống cập nhật cấu hình. nếu vẫn không login được, anh/chị vui lòng gửi thông tin đến admin/cán bộ hcns của đơn vị để nhờ hỗ trợ reset lại password email của anh/chị."
account mới của tôi không vào được sharepoint để làm việc?,"các dữ liệu trên sharepoint sẽ được chuyển sang hệ thống mới sau. trong giai đoạn này, bạn vui lòng dùng account cũ để làm việc trên sharepoint. admin của site sharepoint sẽ liên hệ với it để được hướng dẫn, hỗ trợ chuyển đổi."
cài outlook thế nào bây giờ nhỉ?,việc cài đặt outlook giống như đã làm với account fpt.com.vn cũ
tôi có thể giữ email cũ fpt.com.vn trong bao lâu,"tài email khoản cũ (@fpt.com.vn) chỉ được phép nhận email và duy trì trong 2 năm tính từ 13/9/2023. sau thời gian này, tài khoản cũ sẽ được thu hồi."
email mới login trên điện thoại không được. phải làm sao,"vui lòng đăng nhập thử trên webmail trước bằng url sau: https://portal.office.com/.
sau đó thử cấu hình lại account mới trên điện thoại."
"tôi không login được vào các ứng dụng epayment, epurchase, myfpt, ssc, ticket, scm, ftelscm...","sau khi chuyển đổi account, nếu không login được các dịch vụ/ứng dụng như epayment, epurchase, myfpt, ssc, ticket, scm, ftelscm... anh/chị vui lòng liên hệ quản trị viên của các dịch vụ/ứng dụng trên để được hỗ trợ."
hiện em vẫn chưa nhận được mail báo chuyển đổi sang domain mới. anh/chị check giúp em với ạ.,pasword của account mới sẽ được gửi đến người dùng trước ngày 08/05/2023. password sẽ được bda gửi tự động từ hệ thống akabot-ssc (từ địa chỉ email fim.bot@fpt.com.vn). do hệ thống gửi chậm nên bạn vui lòng chờ đợi thêm.
hiện tại account mới của mình không login được office 365 nhờ anh chị support giúp ạ.,"vui lòng kiểm tra đúng user và password mới trước khi đăng nhập.
- mở trình duyệt và truy nhập vào https://office.com/
- bấm vào avatar của bạn ở góc trên bên phải, chọn ""sign in with a different account""
- log in lại bằng account mới"
em nhập đúng mật khẩu mà không vào được !? liên hệ ai thế các anh,"vui lòng kiểm tra đúng user và password mới trước khi đăng nhập.
- mở trình duyệt và truy nhập vào https://office.com/
- bấm vào avatar của bạn ở góc trên bên phải, chọn ""sign in with a different account""
- log in lại bằng account mới"
"hiện tại account mới của mình không login được nhờ anh chị support giúp ạ.
","vui lòng kiểm tra đúng user và password mới trước khi đăng nhập.
- mở trình duyệt và truy nhập vào https://office.com/
- bấm vào avatar của bạn ở góc trên bên phải, chọn ""sign in with a different account""
- log in lại bằng account mới"
group mail có thay đổi ko? cần phải tạo mới group mail và xóa group fpt.com.vn ko?,"group được giữ nguyên, email được đổi đuôi sang fpt.com"
"em có 2 nhân viên vẫn chưa nhận được mail hướng dẫn chuyển đổi sang domain mới, mong team check giúp em ạ?","pasword của account mới sẽ được gửi đến người dùng trước ngày 08/05/2023. password sẽ được bda gửi tự động từ hệ thống akabot-ssc (từ địa chỉ email fim.bot@fpt.com.vn). do hệ thống gửi chậm nên bạn vui lòng chờ đợi thêm.ftel sẽ có các thông tin truyền thông và hướng dẫn chuyển đổi sang fpt.com cho người dùng trên kênh chính thức foxnews. mọi hỗ trợ kỹ thuật vui lòng liên hệ qua workchat ""ftel it support"" tại https://fpt.workplace.com/chat/t/106694372414376"
hiện tại mình bị lỗi phần quét mã qr khi login account với outlook và set-up mfa cho account mới?,"vui lòng kiểm tra đúng user và password mới trước khi đăng nhập. thoát ra ngoài (nút back hoặc đóng hẳn tab của trình duyệt) và thử lại. lưu ý mã qr chỉ có hiệu lực trong 1 phút. bạn phải dùng microsoft authenticator để quét qr:
https://www.microsoft.com/en-us/security/mobile-authenticator-app"
tôi không vào được workplace?,"hướng dẫn login workplace/workchat bằng account mới:

- khi nhận được email fpt.com là bạn sẽ bị phải login workchat/workplace bằng account mới
- bạn mở trình duyệt và truy nhập vào https://office.com/
- bấm vào avatar của bạn ở góc trên bên phải, chọn ""sign in with a different account"" > “use another account” để đăng nhập thêm account mới
- bạn sẽ log in bằng account mới thành công
- bạn mở tab mới trên trình duyệt web đó, truy nhập vào https://fpt.workplace.com/ để đăng nhập với account mới
dữ liệu workchat là nội dung chat sẽ được chuyển tự động và gán đúng cho user account mới của từng người. về cơ bản, user chỉ thay đổi xác thực bằng account email mới, dữ liệu chat vẫn được giữ nguyên.

nếu vẫn gặp khó khăn trong quá trình login workchat trên điện thoại, bạn có thể thử:
- truy cập link sau (lưu ý: trên iphone phải dùng safari, trên android dùng trình duyệt mặc định) để sign-out khỏi account cũ (fpt.com.vn) và đăng nhập lại bằng account mới
https://login.microsoftonline.com/logout.srf"
mình dùng account mới để đăng nhập workplace không được (mình đã thử xóa cookie của trình duyệt vẫn không được ạ.) nên nhờ it hỗ trợ với ạ?,"hướng dẫn login workplace/workchat bằng account mới:

- khi nhận được email fpt.com là bạn sẽ bị phải login workchat/workplace bằng account mới
- bạn mở trình duyệt và truy nhập vào https://office.com/
- bấm vào avatar của bạn ở góc trên bên phải, chọn ""sign in with a different account"" > “use another account” để đăng nhập thêm account mới
- bạn sẽ log in bằng account mới thành công
- bạn mở tab mới trên trình duyệt web đó, truy nhập vào https://fpt.workplace.com/ để đăng nhập với account mới
dữ liệu workchat là nội dung chat sẽ được chuyển tự động và gán đúng cho user account mới của từng người. về cơ bản, user chỉ thay đổi xác thực bằng account email mới, dữ liệu chat vẫn được giữ nguyên.

nếu vẫn gặp khó khăn trong quá trình login workchat trên điện thoại, bạn có thể thử:
- truy cập link sau (lưu ý: trên iphone phải dùng safari, trên android dùng trình duyệt mặc định) để sign-out khỏi account cũ (fpt.com.vn) và đăng nhập lại bằng account mới
https://login.microsoftonline.com/logout.srf"
"hiện tại em đang update để add mã qr cho acc mới của linhtn25 vào authenicator nhưng khi quét mã thì thấy báo mã không hợp lệ nhờ mọi người hỗ trợ ạ?
","vui lòng kiểm tra đúng user và password mới trước khi đăng nhập. thoát ra ngoài (nút back hoặc đóng hẳn tab của trình duyệt) và thử lại. lưu ý mã qr chỉ có hiệu lực trong 1 phút. bạn phải dùng microsoft authenticator để quét qr:
https://www.microsoft.com/en-us/security/mobile-authenticator-app"
sau khi chuyển đổi doiman fpt.com.vn sang fpt.com thì em bị mất quyền vào power bi.,"sau khi chuyển đổi domain fpt.com.vn sang fpt.com mà bị mất quyền vào power bi hoặc bất kỳ ứng dụng nào khác, anh/chị vui lòng mô tả cụ thể thông tin vào ticket theo đường dẫn sau:
https://ssc.fpt.net/secure/ssc01createticket.jspa?processid=332&catalogid=11&issuekeys="
tôi muốn đổi mật khẩu hoặc unlock account thì làm thế nào?,địa chỉ trang web đổi mật khẩu và unlock account: https://ess.fpt.com
account mới của tôi là gì?,pasword của account mới sẽ được gửi đến người dùng trước ngày 08/05/2023. password sẽ được bda gửi tự động từ hệ thống akabot-ssc (từ địa chỉ email fim.bot@fpt.com.vn). do hệ thống gửi chậm nên bạn vui lòng chờ đợi thêm.
tôi có thể xem danh sách các ứng dụng đã được chuyển đổi xác thực ở đâu?,danh sách các ứng dụng đã chuyển đổi được cập nhật tại đây: https://portal.fpt.com.vn/
những ứng dụng nào đã được chuyển đổi xác thực?,danh sách các ứng dụng đã chuyển đổi được cập nhật tại đây: https://portal.fpt.com.vn/
,"dự án chuyển đổi fpt.com chính thức được triển khai từ 15/03/2023. đây là một bước tiến trong quá trình toàn cầu hoá, tăng cường vị thế trên trường quốc tế của fpt, đồng thời góp phần mang đến trải nghiệm thuận tiện cho cán bộ nhân viên và khách hàng."
đổi mật khẩu trên accoun mới như thế nào?,vui lòng xem hướng dẫn đổi mật khẩu tại đây: https://foxnews.fpt.vn/video-huong-dan-doi-mat-khau/
bật xác thực hai bước trên account mới như thế nào?,vui lòng xem hướng dẫn bật xác thực 2 bước tại đây: https://foxnews.fpt.vn/huong-dan-su-dung-xac-thuc-2-buoc-cho-tai-khoan-fpt-com/
chuyển đổi dữ liệu onedrive sang account mới như thế nào?,vui lòng xem hướng dẫn chuyển đổi onedrive tại đây: https://foxnews.fpt.vn/huong-dan-chuyen-doi-du-lieu-onedrive-tu-fpt-com-vn-sang-fpt-com/
lý do chuyển đổi sang dùng domain email mới fpt.com là gì?,"dự án chuyển đổi fpt.com sẽ được triển khai từ 15/3 đến 31/8. theo đó, các tài khoản email của cbnv có đuôi @fpt.com.vn và @fsoft.com.vn sẽ được chuyển đổi thành địa chỉ email chung @fpt.com. đây là một bước tiến trong quá trình toàn cầu hoá, tăng cường vị thế trên trường quốc tế của fpt, đồng thời góp phần mang đến trải nghiệm thuận tiện cho cbnv và khách hàng."
khi nào thì bàn giao account @fpt.com?,toàn bộ tài khoản mới @fpt.com sẽ được bàn giao qua email cũ cho từng cbnv sau khi được khởi tạo. mật khẩu sẽ được gửi tới địa chỉ email hiện tại của cbnv theo kế hoạch chuyển đổi từng đơn vị.
dự án chuyển đổi fpt.com bắt đầu khi nào?,"dự án chuyển đổi fpt.com chính thức được triển khai từ 15/03/2023. đây là một bước tiến trong quá trình toàn cầu hoá, tăng cường vị thế trên trường quốc tế của fpt, đồng thời góp phần mang đến trải nghiệm thuận tiện cho cán bộ nhân viên và khách hàng."
dự án chuyển đổi fpt.com có ý nghĩa như thế nào?,"phát biểu tại sự kiện, anh nguyễn thế phương - phó tổng giám đốc fpt nhấn mạnh dự án này vô cùng ý nghĩa về mặt hình ảnh của fpt, hướng đến công ty toàn cầu, đặc biệt fpt software là công ty chiến lược quan trọng của tập đoàn (đang có tên miền riêng fsoft.com.vn). với việc hợp nhất tên miền, việc làm chung trong nội bộ và hình ảnh “one fpt” sẽ tốt lên nhiều. "
chiến lược go global liên quan gì đến việc chuyển đổi fpt.com?,"anh nguyễn xuân việt - giám đốc công nghệ thông tin fpt nhấn mạnh, dự án giúp hiện thực hóa chiến lược go global - toàn cầu hoá của fpt. "
vì sao lại phải dùng fpt.com?,"anh đào duy cường - giám đốc chuyển đổi số fpt software cho rằng với dự án này, các vấn đề như thiếu đồng bộ giữa email và website công ty fsoft không còn nữa, đồng thời giúp fpt cũng như fpt software hướng đến mục tiêu trở thành công ty toàn cầu. anh cường cũng đánh giá dự án này cực kỳ phức tạp, khối lượng công việc lớn, có nhiều phát sinh khiến hướng đi của dự án liên tục thay đổi. tuy nhiên, các bên đều hợp tác cởi mở, tận tâm tận lực để cùng tìm giải pháp tốt nhất, đem lại sự thuận tiện nhất cho hơn 60.000 nhân viên fpt. anh tin với tinh thần này, dự án sẽ đạt mục tiêu thành công tốt đẹp."
khi nào thì sẽ chuyển đổi domain fpt.com?,"dự kiến, fpt software sẽ tiên phong hoàn tất việc chuyển đổi vào ngày 28/4. các đơn vị sẽ sẽ hoàn tất chuyển đổi trước ngày 23/5 gồm: fpt digital, fpt smart cloud, fpt online, fpt retail, synnex fpt. các đơn vị còn lại: fpt telecom, fpt is, fpt ho, dc5 sẽ hoàn thành việc chuyển đổi trước ngày 31/8."
những ai sẽ được dùng account @fpt.com?,"toàn bộ email của cán bộ nhân viên fpt sẽ chuyển đổi sang tên miền @fpt.com (đơn vị sử dụng tên miền như fe.edu.vn, vnexpress.net, telehouse.vn sẽ có thông báo sau). khi tới lịch chuyển đổi của từng đơn vị, từng cá nhân sẽ nhận được tài khoản và mật khẩu thông qua hòm mail hiện tại."
"ứng dụng epayment, epurchase, eiso sẽ dùng account nào để đăng nhập?","từ 15/4, cbnv có thể đăng nhập bằng cả tài khoản mới và cũ vào các hệ thống: loyalty, epurchase, epayment, eiso, app inventory, tuyendung.
cbnv có thể đăng nhập vào các hệ thống trên (https://epayment.fpt.com.vn/, https://epurchase.fpt.com.vn/,…) bằng cả tài khoản cũ (@fpt.com.vn) và tài khoản mới (@fpt.com). hai tài khoản email được sử dụng song song cho đến khi có thông báo mới."
hướng dẫn chuyển đổi của ban cntt như thế nào?,"để chuyển đổi, cán bộ nhân viên ftel cần đăng nhập vào hệ thống và đổi mật khẩu; thực hiện sao lưu dữ liệu onedrive, sharepoint, teams của cá nhân; thực hiện đăng tải dữ liệu lên tài khoản mới. người dùng có sử dụng powerapps như powerbi, automate sẽ tự sao lưu dữ liệu của cá nhân."
tài khoản email cũ sẽ như thế nào?,"tài khoản email cũ (@fpt.com.vn) chỉ được phép nhận email và duy trì trong 2 năm tính từ 13/9/2023. sau thời gian này, tài khoản cũ sẽ được thu hồi."
"tôi nhận được email phishing, lừa đảo thì phải làm thế nào?","trong giai đoạn chuyển đổi (@fpt.com.vn sang @fpt.com), nguy cơ bị tấn công qua email càng tăng cao. người fpt cần cẩn trọng với email lừa đảo. thông tin chi tiết: https://chungta.vn/photo/infographic/nguoi-fpt-can-can-trong-voi-email-lua-dao-1136656.html"
kịch bản chuyển đổi fpt.com ở ftel như thế nào?,"các mailbox sẽ được it khởi tạo, đồng bộ dữ liệu email. ngày 8/5, ban nhân sự sẽ bàn giao tài khoản đăng nhập email mới (@fpt.com) cho từng cán bộ. khi nhận được email từ ftelhr thông báo username password, mọi người cần truy cập trang web ess.fpt.com để đổi mật khẩu lần đầu, đăng ký xác thực hai bước (otp/mfa) tại office.com và đăng nhập vào workplace/workchat bằng tài khoản mới. chi tiết hướng dẫn active tài khoản mới, vui lòng xem ở đây: https://foxnews.fpt.vn/category/fcc/chuyendoifpt-com/"
vì sao tôi thấy web mail cảnh báo đang forward email?,"trong vòng 2 tuần đầu tiên (từ 8/5/2023 đến 22/5/2023), email gửi tới địa chỉ @fpt.com.vn sẽ đi vào cả hai mailbox cũ (@fpt.com.vn) và mới (@fpt.com). sau ngày 22/5/2023, chỉ có mailbox mới nhận được email gửi tới địa chỉ @fpt.com.vn, mailbox cũ không nhận được email nữa. việc forward email từ địa chỉ @fpt.com.vn sang địa chỉ @fpt.com sẽ được duy trì 2 năm đến 13/9/2025. sau thời gian này, tài khoản cũ sẽ được thu hồi."
"sau khi kích hoạt, tài khoản mới dùng được ở những ứng dụng nào?","sau khi kích hoạt tài khoản mới @fpt.com, người dùng có thể truy cập một số ứng dụng đã chuyển đổi xác thực bằng tài khoản mới. danh sách các ứng dụng đã hoàn thành chuyển đổi xác thực có thể theo dõi ở đây: https://portal.fpt.com.vn/ ngoài ra đơn vị chủ quản của ứng dụng sẽ có thông báo riêng về tiến độ chuyển đổi xác thực của từng ứng dụng. các ứng dụng chưa chuyển đổi xác thực, người dùng tiếp tục sử dụng tài khoản cũ để đăng nhập.
"
dữ liệu onedrive của tôi có được chuyển đổi không? tôi không nhìn thấy các file trong onedrive mới.,dữ liệu trên onedrive cá nhân sẽ do người dùng chủ động thực hiện chuyển đổi. hiện tại chưa có tool migrate việc phân quyền này nên người dùng tự đối chiếu phân quyền cũ và cấu hình phân quyền truy nhập file/folder cho onedrive/ google drive mới. tham khảo hướng dẫn chuyển dữ liệu onedrive sang account mới tại https://foxnews.fpt.vn/huong-dan-chuyen-doi-du-lieu-onedrive-tu-fpt-com-vn-sang-fpt-com/
tôi không tìm thấy sharepoint trên account mới.,"các site sharepoint sẽ không được chuyển đổi dữ liệu tự động. admin của site cần chủ động thực hiện backup/restore dữ liệu sang site sharepoint mới. hướng dẫn chi tiết chuyển đổi sharepoint, vui lòng xem ở đây: https://foxnews.fpt.vn/huong-dan-sao-luu-va-dong-bo-du-lieu-cong-cu-sharepoint/ trong thời gian chưa chuyển đổi, người dùng tiếp tục dùng tài khoản cũ (@fpt.com.vn) để truy cập vào sharepoint. admin của các site sharepoint có dữ liệu lớn cần hỗ trợ chuyển đổi có thể liên hệ bộ phận it để được giúp đỡ."
account google workspace của tôi là gì?,account mới sẽ được gửi đến người dùng bắt đầu từ ngày 08/05/2023. người dùng sau khi đổi mật khẩu sẽ đăng nhập được vào google.com bằng account mới.
thời gian chuyển đổi sang google workspace là bao giờ?,người dùng có thể sử dụng account google workspace ngay sau khi nhận được thông tin tài khoản từ hr ftel. vui lòng đổi mật khẩu trước khi sử dụng.
khi nào người dùng bắt đầu dùng google workspace,người dùng có thể sử dụng account google workspace ngay sau khi nhận được thông tin tài khoản từ hr ftel. vui lòng đổi mật khẩu trước khi sử dụng.
dữ liệu email của tôi có được chuyển sang google không?,"các email của năm 2023 sẽ được hệ thống tự động chuyển trước để người dùng thuận tiện làm việc. các email của những năm trước sẽ được chuyển dần trong 2 tháng tiếp theo. trong thời gian chuyển đổi, người dùng có thể login vào account cũ để xem lại các email chưa được chuyển và gửi email từ địa chỉ cũ nếu cần. phần calendar và rules filter email người dùng phải chủ động tạo lại từ đầu."
ai sẽ chuyển dữ liệu email của tôi sang google?,it sẽ hỗ trợ chuyển tự động email sang hệ thống google.
bao lâu thì tôi có đủ email trên hệ thống mới?,it sẽ hỗ trợ chuyển tự động email sang hệ thống mới. thời gian dự kiến hoàn tất sau 2 tháng kể từ ngày nhận được thông tin account mới.
dữ liệu onedrive của tôi có được chuyển sang google drive không?,người dùng khối công nghệ hạ tầng chủ động việc chuyển đổi dữ liệu từ onedrive sang google drive
"vì sao có người dùng tài khoản google, có người dùng tài khoản office 365?","khối công nghệ hạ tầng, fhr, fcc, ftc của fpt telecom sẽ tiên phong chuyển đổi thử nghiệm từ office 365 sang google workspace. việc sử dụng google workspace là cơ sở để ban điều hành quyết định có chuyển đổi toàn bộ sang sử dụng nền tảng office mới trên google hay không. vì vậy đề nghị mọi người sử dụng hệ thống mới ngay sau khi được cấp account."
bao lâu sau khi đổi mật khẩu tôi có thể sử dụng được hệ thống mới?,"sau khi đổi mật khẩu, người dùng vui lòng chờ 5-10 phút để hệ thống đồng bộ. sau đó có thể  đăng nhập trên các hệ thống mới."
lịch họp trên office365 có được chuyển sang google calendar không?,người dùng chủ động tạo lại lịch họp trên hệ thống mới.
tôi có thể sử dụng account mới trên cả office 365 và trên google workspace không?,"không. người dùng khối công nghệ hạ tầng và một số cán bộ của ftc, fcc, ftc sử dụng account trên nền tảng google workspace. còn lại sử dụng trên office 365."
tôi không muốn sử dụng google workspace thì sao?,"việc thử nghiệm sử dụng google workspace là cơ sở để ban điều hành quyết định có chuyển đổi toàn bộ sang sử dụng nền tảng office mới trên google workspace hay không. vì vậy đề nghị mọi người sử dụng hệ thống mới ngay sau khi được cấp account. nếu bạn không thuộc khối công nghệ hạ tầng, hoặc không nằm trong danh sách nhận ""thông báo về việc thử nghiệm sử dụng google workspace"" vui lòng mở ticket tại https://ssc.fpt.net/secure/ssc01createticket.jspa?processid=332&catalogid=11 để được hỗ trợ."
workplace/workchat chỉ sử dụng được trên trình duyệt ẩn danh?," truy cập link sau (lưu ý: trên iphone phải dùng safari, trên android dùng trình duyệt mặc định) để sign-out khỏi account cũ (fpt.com.vn) và đăng nhập lại bằng account mới
https://login.microsoftonline.com/logout.srf"
anh/chị cho hỏi em chưa thấy mật khẩu akabot gửi về,pasword của account mới sẽ được gửi đến người dùng trước ngày 08/05/2023. password sẽ được bda gửi tự động từ hệ thống akabot-ssc (từ địa chỉ email fim.bot@fpt.com.vn). do hệ thống gửi chậm nên bạn vui lòng chờ đợi thêm.
pass đăng nhập email longpdk@fpt.com,pasword của account mới sẽ được gửi đến người dùng trước ngày 08/05/2023. password sẽ được bda gửi tự động từ hệ thống akabot-ssc (từ địa chỉ email fim.bot@fpt.com.vn). do hệ thống gửi chậm nên bạn vui lòng chờ đợi thêm.
rule trong outlook có bị xóa không?,người dùng chủ động tại lại rule mail trên account mới.
dữ liệu cũ có được đồng bộ lên tài khoản mới không ?,"các email của năm 2023 sẽ được hệ thống tự động chuyển trước để người dùng thuận tiện làm việc. các email của những năm trước sẽ được chuyển dần trong 2 tháng tiếp theo. trong thời gian chuyển đổi, người dùng có thể login vào account cũ để xem lại các email chưa được chuyển và gửi email từ địa chỉ cũ nếu cần. phần calendar và rules filter email người dùng phải chủ động tạo lại từ đầu."
tôi ko hiểu hướng dẫn,vui lòng đọc kỹ email thông báo từ hr và hướng dẫn trên foxnews
tại sao tôi phải chuyển đổi sang sử dụng google workspace,"việc thử nghiệm sử dụng google workspace là cơ sở để ban điều hành quyết định có chuyển đổi toàn bộ sang sử dụng nền tảng office mới trên google workspace hay không. vì vậy đề nghị mọi người sử dụng hệ thống mới ngay sau khi được cấp account. nếu bạn không thuộc khối công nghệ hạ tầng, hoặc không nằm trong danh sách nhận ""thông báo về việc thử nghiệm sử dụng google workspace"" vui lòng mở ticket tại https://ssc.fpt.net/secure/ssc01createticket.jspa?processid=332&catalogid=11 để được hỗ trợ."
google workspace là gì,"google workspace là một nền tảng office mới của google, bao gồm các ứng dụng như gmail, calendar, drive, docs, sheets, slides, meet và chat. nó cung cấp một cách dễ dàng để tổ chức, chia sẻ và làm việc với nhau."
ưu điểm so với office 365," google workspace cung cấp nhiều tính năng và công cụ hỗ trợ hơn so với office 365. nó có thể giúp người dùng tối ưu hóa công việc của họ bằng cách cung cấp các công cụ như google docs, google sheets, google slides, google meet và nhiều hơn nữa. nó cũng cung cấp các tính năng bảo mật cao hơn, giúp người dùng bảo vệ dữ liệu của họ."
"các công cụ đó dùng không được tốt như office365, tại sao tôi phải xài","việc thử nghiệm sử dụng google workspace là cơ sở để ban điều hành quyết định có chuyển đổi toàn bộ sang sử dụng nền tảng office mới trên google workspace hay không. vì vậy đề nghị mọi người sử dụng hệ thống mới ngay sau khi được cấp account. nếu bạn không thuộc khối công nghệ hạ tầng, hoặc không nằm trong danh sách nhận ""thông báo về việc thử nghiệm sử dụng google workspace"" vui lòng mở ticket tại https://ssc.fpt.net/secure/ssc01createticket.jspa?processid=332&catalogid=11 để được hỗ trợ."
tôi có phải là đối tượng được chuyển đổi không,"khối công nghệ hạ tầng, fhr, fcc, ftc của fpt telecom sẽ tiên phong chuyển đổi thử nghiệm từ office 365 sang google workspace. việc sử dụng google workspace là cơ sở để ban điều hành quyết định có chuyển đổi toàn bộ sang sử dụng nền tảng office mới trên google hay không. vì vậy đề nghị mọi người sử dụng hệ thống mới ngay sau khi được cấp account."
tôi không rõ như thế nào là email của năm 2023,email của năm 2023 là những email được gửi/nhận tính từ ngày 1/1/2023 đến hiện tại. những email này sẽ được chuyển trước sang account fpt.com trước. những email từ ngày 1/1/2023 trở về trước sẽ được chuyển sang account fpt.com sau khi account mới đã được bàn giao đến anh/chị.
các ứng dụng hiện tại đang không đăng nhập được trong đó có vpn?,"việc login vpn bằng account fpt.com hiện tại chưa sẵn sàng, vui lòng đăng nhập vpn bằng account cũ cho đến khi có thông báo mới."
làm thế nào để chuyển dữ liệu sharepoint?,"các site sharepoint sẽ không được chuyển đổi dữ liệu tự động. admin của site cần chủ động thực hiện backup/restore dữ liệu sang site sharepoint mới. hướng dẫn chi tiết chuyển đổi sharepoint, vui lòng xem ở đây: https://foxnews.fpt.vn/huong-dan-sao-luu-va-dong-bo-du-lieu-cong-cu-sharepoint/ trong thời gian chưa chuyển đổi, người dùng tiếp tục dùng tài khoản cũ (@fpt.com.vn) để truy cập vào sharepoint. admin của các site sharepoint có dữ liệu lớn cần hỗ trợ chuyển đổi có thể liên hệ bộ phận it để được giúp đỡ."
tôi muốn logout ra khỏi single sign on thì làm thế nào?," truy cập link sau (lưu ý: trên iphone phải dùng safari, trên android dùng trình duyệt mặc định) để sign-out khỏi account cũ (fpt.com.vn) và đăng nhập lại bằng account mới
https://login.microsoftonline.com/logout.srf"
tôi không đổi được pass email?,"vui lòng đọc kỹ email thông báo từ hr, và hướng dẫn đổi pass tại https://ess.fpt.com/. bạn có thể tham khảo thêm tại: https://foxnews.fpt.vn/video-huong-dan-doi-mat-khau/"
làm sao đăng nhập được workchat?,"hướng dẫn login workplace/workchat bằng account mới:

- khi nhận được email fpt.com là bạn sẽ bị phải login workchat/workplace bằng account mới
- bạn mở trình duyệt và truy nhập vào https://office.com/
- bấm vào avatar của bạn ở góc trên bên phải, chọn ""sign in with a different account"" > “use another account” để đăng nhập thêm account mới
- bạn sẽ log in bằng account mới thành công
- bạn mở tab mới trên trình duyệt web đó, truy nhập vào https://fpt.workplace.com/ để đăng nhập với account mới
dữ liệu workchat là nội dung chat sẽ được chuyển tự động và gán đúng cho user account mới của từng người. về cơ bản, user chỉ thay đổi xác thực bằng account email mới, dữ liệu chat vẫn được giữ nguyên.

nếu vẫn gặp khó khăn trong quá trình login workchat trên điện thoại, bạn có thể thử:
- truy cập link sau (lưu ý: trên iphone phải dùng safari, trên android dùng trình duyệt mặc định) để sign-out khỏi account cũ (fpt.com.vn) và đăng nhập lại bằng account mới
https://login.microsoftonline.com/logout.srf"
em không đổi được pass theo hướng dẫn trên trang https://ess.fpt.com/,"vui lòng đọc kỹ email thông báo từ hr, và hướng dẫn đổi pass tại https://ess.fpt.com/. bạn có thể tham khảo thêm tại: https://foxnews.fpt.vn/video-huong-dan-doi-mat-khau/"
vậy thì em vẫn dùng lại mật khẩu cũ ạ,"vui lòng đọc kỹ email thông báo từ hr, và hướng dẫn đổi pass tại https://ess.fpt.com/. bạn có thể tham khảo thêm tại: https://foxnews.fpt.vn/video-huong-dan-doi-mat-khau/"
em không đổi được mật khẩu theo hướng dẫn ạ,"vui lòng đọc kỹ email thông báo từ hr, và hướng dẫn đổi pass tại https://ess.fpt.com/. bạn có thể tham khảo thêm tại: https://foxnews.fpt.vn/video-huong-dan-doi-mat-khau/"
reset pass mail mới như nào?,"đối với account mới (fpt.com), vui lòng liên hệ admin/hcns của đơn vị mở ticket reset mật khẩu trên uservice."
đổi mật khẩu email mới như nào ?,"vui lòng đọc kỹ email thông báo từ hr, và hướng dẫn đổi pass tại https://ess.fpt.com/. bạn có thể tham khảo thêm tại: https://foxnews.fpt.vn/video-huong-dan-doi-mat-khau/"
"từ ngày 4/5, tôi bắt buộc phải sử dụng email mới?","vui lòng đọc kỹ email thông báo từ hr, và hướng dẫn đổi pass tại https://ess.fpt.com/. bạn có thể tham khảo thêm tại: https://foxnews.fpt.vn/video-huong-dan-doi-mat-khau/"
"trong lúc chờ pass email mới, tôi có dùng được email cũ không?","vui lòng đọc kỹ email thông báo từ hr, và hướng dẫn đổi pass tại https://ess.fpt.com/. bạn có thể tham khảo thêm tại: https://foxnews.fpt.vn/video-huong-dan-doi-mat-khau/pasword của account mới sẽ được gửi đến người dùng trước ngày 08/05/2023. password sẽ được bda gửi tự động từ hệ thống akabot-ssc (từ địa chỉ email fim.bot@fpt.com.vn). do hệ thống gửi chậm nên bạn vui lòng chờ đợi thêm."
pass mới mail @fpt.com nhận ở đâu?,pasword của account mới sẽ được gửi đến người dùng trước ngày 08/05/2023. password sẽ được bda gửi tự động từ hệ thống akabot-ssc (từ địa chỉ email fim.bot@fpt.com.vn). do hệ thống gửi chậm nên bạn vui lòng chờ đợi thêm.
mình hỏi lấy mật khẩu mail mới ở đâu?,pasword của account mới sẽ được gửi đến người dùng trước ngày 08/05/2023. password sẽ được bda gửi tự động từ hệ thống akabot-ssc (từ địa chỉ email fim.bot@fpt.com.vn). do hệ thống gửi chậm nên bạn vui lòng chờ đợi thêm.
không thể đổi được mật khẩu?,"vui lòng đọc kỹ email thông báo từ hr, và hướng dẫn đổi pass tại https://ess.fpt.com/. bạn có thể tham khảo thêm tại: https://foxnews.fpt.vn/video-huong-dan-doi-mat-khau/"
mật khẩu mới sẽ được công ty cấp hay tự đổi?,pasword của account mới sẽ được gửi đến người dùng trước ngày 08/05/2023. password sẽ được bda gửi tự động từ hệ thống akabot-ssc (từ địa chỉ email fim.bot@fpt.com.vn). do hệ thống gửi chậm nên bạn vui lòng chờ đợi thêm.
mail mới ngày nào?,pasword của account mới sẽ được gửi đến người dùng trước ngày 08/05/2023. password sẽ được bda gửi tự động từ hệ thống akabot-ssc (từ địa chỉ email fim.bot@fpt.com.vn). do hệ thống gửi chậm nên bạn vui lòng chờ đợi thêm.
mail mới password ngày nào?,pasword của account mới sẽ được gửi đến người dùng trước ngày 08/05/2023. password sẽ được bda gửi tự động từ hệ thống akabot-ssc (từ địa chỉ email fim.bot@fpt.com.vn). do hệ thống gửi chậm nên bạn vui lòng chờ đợi thêm.
password của mail mới?,pasword của account mới sẽ được gửi đến người dùng trước ngày 08/05/2023. password sẽ được bda gửi tự động từ hệ thống akabot-ssc (từ địa chỉ email fim.bot@fpt.com.vn). do hệ thống gửi chậm nên bạn vui lòng chờ đợi thêm.
xin hướng dẫn để xem pass đăng nhập email mới?,pasword của account mới sẽ được gửi đến người dùng trước ngày 08/05/2023. password sẽ được bda gửi tự động từ hệ thống akabot-ssc (từ địa chỉ email fim.bot@fpt.com.vn). do hệ thống gửi chậm nên bạn vui lòng chờ đợi thêm.
pass đăng nhập email sẽ được bda gửi tự động từ hệ thống akabot-ssc fim.bot@fpt.com.vn?,pasword của account mới sẽ được gửi đến người dùng trước ngày 08/05/2023. password sẽ được bda gửi tự động từ hệ thống akabot-ssc (từ địa chỉ email fim.bot@fpt.com.vn). do hệ thống gửi chậm nên bạn vui lòng chờ đợi thêm.
vậy là mình vẫn chưa có đúng ko bạn ơi,pasword của account mới sẽ được gửi đến người dùng trước ngày 08/05/2023. password sẽ được bda gửi tự động từ hệ thống akabot-ssc (từ địa chỉ email fim.bot@fpt.com.vn). do hệ thống gửi chậm nên bạn vui lòng chờ đợi thêm.
doi pass mail?,"vui lòng đọc kỹ email thông báo từ hr, và hướng dẫn đổi pass tại https://ess.fpt.com/. bạn có thể tham khảo thêm tại: https://foxnews.fpt.vn/video-huong-dan-doi-mat-khau/"
hướng dẫn đổi mật khẩu?,"vui lòng đọc kỹ email thông báo từ hr, và hướng dẫn đổi pass tại https://ess.fpt.com/. bạn có thể tham khảo thêm tại: https://foxnews.fpt.vn/video-huong-dan-doi-mat-khau/"
xác thực 2 bước?,vui lòng xem hướng dẫn bật xác thực 2 bước tại đây: https://foxnews.fpt.vn/huong-dan-su-dung-xac-thuc-2-buoc-cho-tai-khoan-fpt-com/
tôi quên mật khẩu mail thì phải làm sao?,"đối với account mới (fpt.com), vui lòng liên hệ admin/hcns của đơn vị mở ticket reset mật khẩu trên uservice."
tôi chưa nhận được password cho mail mới?,pasword của account mới sẽ được gửi đến người dùng trước ngày 08/05/2023. password sẽ được bda gửi tự động từ hệ thống akabot-ssc (từ địa chỉ email fim.bot@fpt.com.vn). do hệ thống gửi chậm nên bạn vui lòng chờ đợi thêm.
đăng nhập thì phải có mật khẩu trong khi mình chưa có mật khẩu?,pasword của account mới sẽ được gửi đến người dùng trước ngày 08/05/2023. password sẽ được bda gửi tự động từ hệ thống akabot-ssc (từ địa chỉ email fim.bot@fpt.com.vn). do hệ thống gửi chậm nên bạn vui lòng chờ đợi thêm.
tôi không thể thay đổi mật khẩu,"vui lòng đọc kỹ email thông báo từ hr, và hướng dẫn đổi pass tại https://ess.fpt.com/. bạn có thể tham khảo thêm tại: https://foxnews.fpt.vn/video-huong-dan-doi-mat-khau/"
đồng bộ mail,"các email của năm 2023 sẽ được hệ thống tự động chuyển trước để người dùng thuận tiện làm việc. các email của những năm trước sẽ được chuyển dần trong 2 tháng tiếp theo. trong thời gian chuyển đổi, người dùng có thể login vào account cũ để xem lại các email chưa được chuyển và gửi email từ địa chỉ cũ nếu cần. phần calendar và rules filter email người dùng phải chủ động tạo lại từ đầu."
chuyển đổi onedrive?,dữ liệu trên onedrive cá nhân sẽ do người dùng chủ động thực hiện chuyển đổi. hiện tại chưa có tool migrate việc phân quyền này nên người dùng tự đối chiếu phân quyền cũ và cấu hình phân quyền truy nhập file/folder cho onedrive/ google drive mới. tham khảo hướng dẫn chuyển dữ liệu onedrive sang account mới tại https://foxnews.fpt.vn/huong-dan-chuyen-doi-du-lieu-onedrive-tu-fpt-com-vn-sang-fpt-com/
không thấy pass của mail mới gửi từ akabot vậy nhỉ,pasword của account mới sẽ được gửi đến người dùng trước ngày 08/05/2023. password sẽ được bda gửi tự động từ hệ thống akabot-ssc (từ địa chỉ email fim.bot@fpt.com.vn). do hệ thống gửi chậm nên bạn vui lòng chờ đợi thêm.
"hiện mình chưa nhận được mật khẩu vào account fpt.com của akabot-ssc, mật khẩu này sẽ được cung
cấp sau mail thông báo đúng không?",pasword của account mới sẽ được gửi đến người dùng trước ngày 08/05/2023. password sẽ được bda gửi tự động từ hệ thống akabot-ssc (từ địa chỉ email fim.bot@fpt.com.vn). do hệ thống gửi chậm nên bạn vui lòng chờ đợi thêm.
làm sao để liện hệ akabot?,akabot sẽ chủ động liên hệ với bạn.
số điện thoại hỗ trợ là số nào vậy ?,mọi thắc mắc trong quá trình chuyển đổi vui lòng đặt câu hỏi với chat bot “ftel it support” trên workplace.
chưa nhận pass?,pasword của account mới sẽ được gửi đến người dùng trước ngày 08/05/2023. password sẽ được bda gửi tự động từ hệ thống akabot-ssc (từ địa chỉ email fim.bot@fpt.com.vn). do hệ thống gửi chậm nên bạn vui lòng chờ đợi thêm.
mật khẩu email khi nào có vậy pa,pasword của account mới sẽ được gửi đến người dùng trước ngày 08/05/2023. password sẽ được bda gửi tự động từ hệ thống akabot-ssc (từ địa chỉ email fim.bot@fpt.com.vn). do hệ thống gửi chậm nên bạn vui lòng chờ đợi thêm.
"sao mình đặt mật khẩu không được, đã đặt theo hướng dẫn ạ","vui lòng đọc kỹ email thông báo từ hr, và hướng dẫn đổi pass tại https://ess.fpt.com/. bạn có thể tham khảo thêm tại: https://foxnews.fpt.vn/video-huong-dan-doi-mat-khau/"
chuyển đổi đuôi mail mới thì dùng password nào,pasword của account mới sẽ được gửi đến người dùng trước ngày 08/05/2023. password sẽ được bda gửi tự động từ hệ thống akabot-ssc (từ địa chỉ email fim.bot@fpt.com.vn). do hệ thống gửi chậm nên bạn vui lòng chờ đợi thêm.
"dear ftel it, mih đã nhận được mail ""acc mail fpt.com: hướng dẫn đổi mật khẩu, xác thực 2 bước""?","vui lòng đọc kỹ email thông báo từ hr, và hướng dẫn đổi pass tại https://ess.fpt.com/. bạn có thể tham khảo thêm tại: https://foxnews.fpt.vn/video-huong-dan-doi-mat-khau/"
không truy cập đc?,bạn vui lòng đặt các câu hỏi đầy đủ và cụ thể hơn!
link mật khẩu mới?,pasword của account mới sẽ được gửi đến người dùng trước ngày 08/05/2023. password sẽ được bda gửi tự động từ hệ thống akabot-ssc (từ địa chỉ email fim.bot@fpt.com.vn). do hệ thống gửi chậm nên bạn vui lòng chờ đợi thêm.
"tôi có thông báo sử dụng account email mới nhưng chưa thấy hệ thống gửi mật khẩu của account để
vào đổi mật khẩu như hướng dẫn!?",pasword của account mới sẽ được gửi đến người dùng trước ngày 08/05/2023. password sẽ được bda gửi tự động từ hệ thống akabot-ssc (từ địa chỉ email fim.bot@fpt.com.vn). do hệ thống gửi chậm nên bạn vui lòng chờ đợi thêm.
khi nào password mới của mail đuôi .com mới gửi tới mail,pasword của account mới sẽ được gửi đến người dùng trước ngày 08/05/2023. password sẽ được bda gửi tự động từ hệ thống akabot-ssc (từ địa chỉ email fim.bot@fpt.com.vn). do hệ thống gửi chậm nên bạn vui lòng chờ đợi thêm.
link akabot scc,bạn vui lòng đặt các câu hỏi đầy đủ và cụ thể hơn!
không có mật khẩu cũ nên không đổi được mật khẩu mới?,pasword của account mới sẽ được gửi đến người dùng trước ngày 08/05/2023. password sẽ được bda gửi tự động từ hệ thống akabot-ssc (từ địa chỉ email fim.bot@fpt.com.vn). do hệ thống gửi chậm nên bạn vui lòng chờ đợi thêm.
pass đăng nhập email sẽ được bda gửi tự động từ hệ thống akabot-ssc fim.bot@fpt.com.vn,pasword của account mới sẽ được gửi đến người dùng trước ngày 08/05/2023. password sẽ được bda gửi tự động từ hệ thống akabot-ssc (từ địa chỉ email fim.bot@fpt.com.vn). do hệ thống gửi chậm nên bạn vui lòng chờ đợi thêm.
lấy như thế nào?,bạn vui lòng đặt các câu hỏi đầy đủ và cụ thể hơn!
mail mới của tôi là gì?,"account mới sẽ được gửi đến người dùng bắt đầu từ ngày 08/05/2023. nếu có nhu cầu đặc biệt cần cấp sớm hơn, có thể tạo
ticket trên ssc.fpt.net với nhân sự để được active sớm"
chưa nhận được password cho mail mới uyentnp7@fpt.com,pasword của account mới sẽ được gửi đến người dùng trước ngày 08/05/2023. password sẽ được bda gửi tự động từ hệ thống akabot-ssc (từ địa chỉ email fim.bot@fpt.com.vn). do hệ thống gửi chậm nên bạn vui lòng chờ đợi thêm.
em nhập cả pass cũ và pass mới đều k được,có thể bạn nhầm email cũ (fpt.com.vn). bước đổi mật khẩu là đổi mật khẩu của email mới (fpt.com)pasword của account mới sẽ được gửi đến người dùng trước ngày 08/05/2023. password sẽ được bda gửi tự động từ hệ thống akabot-ssc (từ địa chỉ email fim.bot@fpt.com.vn). do hệ thống gửi chậm nên bạn vui lòng chờ đợi thêm.
my email password?,pasword của account mới sẽ được gửi đến người dùng trước ngày 08/05/2023. password sẽ được bda gửi tự động từ hệ thống akabot-ssc (từ địa chỉ email fim.bot@fpt.com.vn). do hệ thống gửi chậm nên bạn vui lòng chờ đợi thêm.
pass cu mail cua t o dau,pasword của account mới sẽ được gửi đến người dùng trước ngày 08/05/2023. password sẽ được bda gửi tự động từ hệ thống akabot-ssc (từ địa chỉ email fim.bot@fpt.com.vn). do hệ thống gửi chậm nên bạn vui lòng chờ đợi thêm.
"cho em hỏi, hiện tại đã sử dụng đc mail đuôi fpt.com chưa vậy, vì em chưa nhận được pass từ akabot-ssc fim.bot@fpt.com.vn.
em đang cần đăng nhập vào các trang https://daotao.fpt.com.vn, booking.fpt.com.vn nhưng k vào được do thay đổi mail.
nhờ admin giúp đỡ ạ.",pasword của account mới sẽ được gửi đến người dùng trước ngày 08/05/2023. password sẽ được bda gửi tự động từ hệ thống akabot-ssc (từ địa chỉ email fim.bot@fpt.com.vn). do hệ thống gửi chậm nên bạn vui lòng chờ đợi thêm.
"mình đã vào được trang đổi pass, tuy nhiên vẫn báo lỗi đổi pass k thành công.",có thể bạn nhầm email cũ (fpt.com.vn). bước đổi mật khẩu là đổi mật khẩu của email mới (fpt.com)pasword của account mới sẽ được gửi đến người dùng trước ngày 08/05/2023. password sẽ được bda gửi tự động từ hệ thống akabot-ssc (từ địa chỉ email fim.bot@fpt.com.vn). do hệ thống gửi chậm nên bạn vui lòng chờ đợi thêm.
em nhận được thông báo này nhưng em chưa nhận được pass đăng nhập mail mới ạ,pasword của account mới sẽ được gửi đến người dùng trước ngày 08/05/2023. password sẽ được bda gửi tự động từ hệ thống akabot-ssc (từ địa chỉ email fim.bot@fpt.com.vn). do hệ thống gửi chậm nên bạn vui lòng chờ đợi thêm.
pass account mail mới @fpt.com là gi?,pasword của account mới sẽ được gửi đến người dùng trước ngày 08/05/2023. password sẽ được bda gửi tự động từ hệ thống akabot-ssc (từ địa chỉ email fim.bot@fpt.com.vn). do hệ thống gửi chậm nên bạn vui lòng chờ đợi thêm.
akabot-ssc?,bạn vui lòng đặt các câu hỏi đầy đủ và cụ thể hơn!
password mail?,pasword của account mới sẽ được gửi đến người dùng trước ngày 08/05/2023. password sẽ được bda gửi tự động từ hệ thống akabot-ssc (từ địa chỉ email fim.bot@fpt.com.vn). do hệ thống gửi chậm nên bạn vui lòng chờ đợi thêm.
mật khẩu mail binhpd2@fpt.com là gì?,pasword của account mới sẽ được gửi đến người dùng trước ngày 08/05/2023. password sẽ được bda gửi tự động từ hệ thống akabot-ssc (từ địa chỉ email fim.bot@fpt.com.vn). do hệ thống gửi chậm nên bạn vui lòng chờ đợi thêm.
sao bot không biết?,bạn vui lòng đặt các câu hỏi đầy đủ và cụ thể hơn!
thế ai hỗ trợ tôi?,bạn vui lòng đặt các câu hỏi đầy đủ và cụ thể hơn!
muốn chuyển sharepoint từ fpt.com.vn sang fpt.com làm thế nào?,"các site sharepoint sẽ không được chuyển đổi dữ liệu tự động. admin của site cần chủ động thực hiện backup/restore dữ liệu sang site sharepoint mới. hướng dẫn chi tiết chuyển đổi sharepoint, vui lòng xem ở đây: https://foxnews.fpt.vn/huong-dan-sao-luu-va-dong-bo-du-lieu-cong-cu-sharepoint/ trong thời gian chưa chuyển đổi, người dùng tiếp tục dùng tài khoản cũ (@fpt.com.vn) để truy cập vào sharepoint. admin của các site sharepoint có dữ liệu lớn cần hỗ trợ chuyển đổi có thể liên hệ bộ phận it để được giúp đỡ."
mật khẩu của mail @fpt.com là gì?,pasword của account mới sẽ được gửi đến người dùng trước ngày 08/05/2023. password sẽ được bda gửi tự động từ hệ thống akabot-ssc (từ địa chỉ email fim.bot@fpt.com.vn). do hệ thống gửi chậm nên bạn vui lòng chờ đợi thêm.
khi nào có pass mail?,pasword của account mới sẽ được gửi đến người dùng trước ngày 08/05/2023. password sẽ được bda gửi tự động từ hệ thống akabot-ssc (từ địa chỉ email fim.bot@fpt.com.vn). do hệ thống gửi chậm nên bạn vui lòng chờ đợi thêm.
pass đăng nhập email?,pasword của account mới sẽ được gửi đến người dùng trước ngày 08/05/2023. password sẽ được bda gửi tự động từ hệ thống akabot-ssc (từ địa chỉ email fim.bot@fpt.com.vn). do hệ thống gửi chậm nên bạn vui lòng chờ đợi thêm.
đổi bằng pass mail cũ đúng không?,không! pasword của account mới sẽ được gửi đến người dùng trước ngày 08/05/2023. password sẽ được bda gửi tự động từ hệ thống akabot-ssc (từ địa chỉ email fim.bot@fpt.com.vn). do hệ thống gửi chậm nên bạn vui lòng chờ đợi thêm.
pass lấy ở đâu?,pasword của account mới sẽ được gửi đến người dùng trước ngày 08/05/2023. password sẽ được bda gửi tự động từ hệ thống akabot-ssc (từ địa chỉ email fim.bot@fpt.com.vn). do hệ thống gửi chậm nên bạn vui lòng chờ đợi thêm.
mình đổi pass theo mail này?,pasword của account mới sẽ được gửi đến người dùng trước ngày 08/05/2023. password sẽ được bda gửi tự động từ hệ thống akabot-ssc (từ địa chỉ email fim.bot@fpt.com.vn). do hệ thống gửi chậm nên bạn vui lòng chờ đợi thêm.
clip hướng dẫn k có?,vui lòng tham khảo các hướng dẫn chuyển đổi tại: https://foxnews.fpt.vn/category/fcc/chuyendoifpt-com/
làm thế nào để có email mới?,pasword của account mới sẽ được gửi đến người dùng trước ngày 08/05/2023. password sẽ được bda gửi tự động từ hệ thống akabot-ssc (từ địa chỉ email fim.bot@fpt.com.vn). do hệ thống gửi chậm nên bạn vui lòng chờ đợi thêm.
gặp ai để đăng ký?,pasword của account mới sẽ được gửi đến người dùng trước ngày 08/05/2023. password sẽ được bda gửi tự động từ hệ thống akabot-ssc (từ địa chỉ email fim.bot@fpt.com.vn). do hệ thống gửi chậm nên bạn vui lòng chờ đợi thêm.
cho mình hỏi pass để đổi mật khẩu fpt.com thì hệ thống tự gửi về đâu ah?,pasword của account mới sẽ được gửi đến người dùng trước ngày 08/05/2023. password sẽ được bda gửi tự động từ hệ thống akabot-ssc (từ địa chỉ email fim.bot@fpt.com.vn). do hệ thống gửi chậm nên bạn vui lòng chờ đợi thêm.
tôi cần được cấp lại mật khẩu email?,pasword của account mới sẽ được gửi đến người dùng trước ngày 08/05/2023. password sẽ được bda gửi tự động từ hệ thống akabot-ssc (từ địa chỉ email fim.bot@fpt.com.vn). do hệ thống gửi chậm nên bạn vui lòng chờ đợi thêm.
mình thấy pass đăng nhập email sẽ được bda gửi tự động từ hệ thống akabot-ssc fim.bot@fpt.com.vn?,pasword của account mới sẽ được gửi đến người dùng trước ngày 08/05/2023. password sẽ được bda gửi tự động từ hệ thống akabot-ssc (từ địa chỉ email fim.bot@fpt.com.vn). do hệ thống gửi chậm nên bạn vui lòng chờ đợi thêm.
mình đang hỏi pass này,pasword của account mới sẽ được gửi đến người dùng trước ngày 08/05/2023. password sẽ được bda gửi tự động từ hệ thống akabot-ssc (từ địa chỉ email fim.bot@fpt.com.vn). do hệ thống gửi chậm nên bạn vui lòng chờ đợi thêm.
"tôi vẫn chưa nhận được anh sẽ sử dụng account vangvc@fpt.com

pass đăng nhập email sẽ được bda gửi tự động từ hệ thống akabot-ssc fim.bot@fpt.com.vn",pasword của account mới sẽ được gửi đến người dùng trước ngày 08/05/2023. password sẽ được bda gửi tự động từ hệ thống akabot-ssc (từ địa chỉ email fim.bot@fpt.com.vn). do hệ thống gửi chậm nên bạn vui lòng chờ đợi thêm.
pass đăng nhập,pasword của account mới sẽ được gửi đến người dùng trước ngày 08/05/2023. password sẽ được bda gửi tự động từ hệ thống akabot-ssc (từ địa chỉ email fim.bot@fpt.com.vn). do hệ thống gửi chậm nên bạn vui lòng chờ đợi thêm.
send me the password,pasword của account mới sẽ được gửi đến người dùng trước ngày 08/05/2023. password sẽ được bda gửi tự động từ hệ thống akabot-ssc (từ địa chỉ email fim.bot@fpt.com.vn). do hệ thống gửi chậm nên bạn vui lòng chờ đợi thêm.
chưa thấy gửi pass mail để chuyển đổi tên miền?,pasword của account mới sẽ được gửi đến người dùng trước ngày 08/05/2023. password sẽ được bda gửi tự động từ hệ thống akabot-ssc (từ địa chỉ email fim.bot@fpt.com.vn). do hệ thống gửi chậm nên bạn vui lòng chờ đợi thêm.
akabot-ssc chưa cấp mật khẩu mới vào tài khoản quanbx@fpt.com.vn cho em ạ?,pasword của account mới sẽ được gửi đến người dùng trước ngày 08/05/2023. password sẽ được bda gửi tự động từ hệ thống akabot-ssc (từ địa chỉ email fim.bot@fpt.com.vn). do hệ thống gửi chậm nên bạn vui lòng chờ đợi thêm.
pass đăng nhập email sẽ được bda gửi tự động từ hệ thống akabot-ssc fim.bot@fpt.com.vn?,pasword của account mới sẽ được gửi đến người dùng trước ngày 08/05/2023. password sẽ được bda gửi tự động từ hệ thống akabot-ssc (từ địa chỉ email fim.bot@fpt.com.vn). do hệ thống gửi chậm nên bạn vui lòng chờ đợi thêm.
akabot-ssc password?,pasword của account mới sẽ được gửi đến người dùng trước ngày 08/05/2023. password sẽ được bda gửi tự động từ hệ thống akabot-ssc (từ địa chỉ email fim.bot@fpt.com.vn). do hệ thống gửi chậm nên bạn vui lòng chờ đợi thêm.
lấy pass đăng nhập của account?,pasword của account mới sẽ được gửi đến người dùng trước ngày 08/05/2023. password sẽ được bda gửi tự động từ hệ thống akabot-ssc (từ địa chỉ email fim.bot@fpt.com.vn). do hệ thống gửi chậm nên bạn vui lòng chờ đợi thêm.
"xin chào, tôi không đặt được mật khẩu cho account mới?",pasword của account mới sẽ được gửi đến người dùng trước ngày 08/05/2023. password sẽ được bda gửi tự động từ hệ thống akabot-ssc (từ địa chỉ email fim.bot@fpt.com.vn). do hệ thống gửi chậm nên bạn vui lòng chờ đợi thêm.
phải có mật khẩu này mới làm các bước kia được pk ạ?,pasword của account mới sẽ được gửi đến người dùng trước ngày 08/05/2023. password sẽ được bda gửi tự động từ hệ thống akabot-ssc (từ địa chỉ email fim.bot@fpt.com.vn). do hệ thống gửi chậm nên bạn vui lòng chờ đợi thêm.
mật khẩu email fpt.com?,pasword của account mới sẽ được gửi đến người dùng trước ngày 08/05/2023. password sẽ được bda gửi tự động từ hệ thống akabot-ssc (từ địa chỉ email fim.bot@fpt.com.vn). do hệ thống gửi chậm nên bạn vui lòng chờ đợi thêm.
chưa nhận được email pass tannt9?,pasword của account mới sẽ được gửi đến người dùng trước ngày 08/05/2023. password sẽ được bda gửi tự động từ hệ thống akabot-ssc (từ địa chỉ email fim.bot@fpt.com.vn). do hệ thống gửi chậm nên bạn vui lòng chờ đợi thêm.
password email?,pasword của account mới sẽ được gửi đến người dùng trước ngày 08/05/2023. password sẽ được bda gửi tự động từ hệ thống akabot-ssc (từ địa chỉ email fim.bot@fpt.com.vn). do hệ thống gửi chậm nên bạn vui lòng chờ đợi thêm.
xem password của email mới lấy ở đâu?,pasword của account mới sẽ được gửi đến người dùng trước ngày 08/05/2023. password sẽ được bda gửi tự động từ hệ thống akabot-ssc (từ địa chỉ email fim.bot@fpt.com.vn). do hệ thống gửi chậm nên bạn vui lòng chờ đợi thêm.
"hệ thống báo sai tk hoặc pass
k tiến hành đổi được mk",pasword của account mới sẽ được gửi đến người dùng trước ngày 08/05/2023. password sẽ được bda gửi tự động từ hệ thống akabot-ssc (từ địa chỉ email fim.bot@fpt.com.vn). do hệ thống gửi chậm nên bạn vui lòng chờ đợi thêm.
mật khẩu mới lấy bằng cách nào vậy ạ,pasword của account mới sẽ được gửi đến người dùng trước ngày 08/05/2023. password sẽ được bda gửi tự động từ hệ thống akabot-ssc (từ địa chỉ email fim.bot@fpt.com.vn). do hệ thống gửi chậm nên bạn vui lòng chờ đợi thêm.
lấy ở đâu ạ,pasword của account mới sẽ được gửi đến người dùng trước ngày 08/05/2023. password sẽ được bda gửi tự động từ hệ thống akabot-ssc (từ địa chỉ email fim.bot@fpt.com.vn). do hệ thống gửi chậm nên bạn vui lòng chờ đợi thêm.
anh chị cho e hỏi mk đc gửi tự động từ hệ thống akabot-ssc fim.bot@fpt.com.vn,pasword của account mới sẽ được gửi đến người dùng trước ngày 08/05/2023. password sẽ được bda gửi tự động từ hệ thống akabot-ssc (từ địa chỉ email fim.bot@fpt.com.vn). do hệ thống gửi chậm nên bạn vui lòng chờ đợi thêm.
chỗ đổi pass thì pass cũ là mình lấy ở đâu ạ?,pasword của account mới sẽ được gửi đến người dùng trước ngày 08/05/2023. password sẽ được bda gửi tự động từ hệ thống akabot-ssc (từ địa chỉ email fim.bot@fpt.com.vn). do hệ thống gửi chậm nên bạn vui lòng chờ đợi thêm.
đổi pass cho đuôi .com ạ?,pasword của account mới sẽ được gửi đến người dùng trước ngày 08/05/2023. password sẽ được bda gửi tự động từ hệ thống akabot-ssc (từ địa chỉ email fim.bot@fpt.com.vn). do hệ thống gửi chậm nên bạn vui lòng chờ đợi thêm.
"theo kế hoạch điều chỉnh và thông báo fhr đã gửi, kể từ ngày 04.05.202, chị sẽ sử dụng account thaonth7@fpt.com

pass đăng nhập email sẽ được bda gửi tự động từ hệ thống akabot-ssc fim.bot@fpt.com.vn?",pasword của account mới sẽ được gửi đến người dùng trước ngày 08/05/2023. password sẽ được bda gửi tự động từ hệ thống akabot-ssc (từ địa chỉ email fim.bot@fpt.com.vn). do hệ thống gửi chậm nên bạn vui lòng chờ đợi thêm.
anh/chị cho hỏi em chưa thấy mật khẩu akabot gửi về,pasword của account mới sẽ được gửi đến người dùng trước ngày 08/05/2023. password sẽ được bda gửi tự động từ hệ thống akabot-ssc (từ địa chỉ email fim.bot@fpt.com.vn). do hệ thống gửi chậm nên bạn vui lòng chờ đợi thêm.
pass đăng nhập email longpdk@fpt.com?,pasword của account mới sẽ được gửi đến người dùng trước ngày 08/05/2023. password sẽ được bda gửi tự động từ hệ thống akabot-ssc (từ địa chỉ email fim.bot@fpt.com.vn). do hệ thống gửi chậm nên bạn vui lòng chờ đợi thêm.
khi nào mới nhận được pass email mới?,pasword của account mới sẽ được gửi đến người dùng trước ngày 08/05/2023. password sẽ được bda gửi tự động từ hệ thống akabot-ssc (từ địa chỉ email fim.bot@fpt.com.vn). do hệ thống gửi chậm nên bạn vui lòng chờ đợi thêm.
cho mình hỏi đổi mk sao cứ báo email sai,có thể bạn nhầm email cũ (fpt.com.vn). bước đổi mật khẩu là đổi mật khẩu của email mới (fpt.com)pasword của account mới sẽ được gửi đến người dùng trước ngày 08/05/2023. password sẽ được bda gửi tự động từ hệ thống akabot-ssc (từ địa chỉ email fim.bot@fpt.com.vn). do hệ thống gửi chậm nên bạn vui lòng chờ đợi thêm.
mình có mật khẩu mail cũ đúng nhưng ko login dc,mật khẩu cũ (fpt.com.vn) không dùng được cho account mới. pasword của account mới sẽ được gửi đến người dùng trước ngày 08/05/2023. password sẽ được bda gửi tự động từ hệ thống akabot-ssc (từ địa chỉ email fim.bot@fpt.com.vn). do hệ thống gửi chậm nên bạn vui lòng chờ đợi thêm.
khi nào mình mới được cấp mật khẩu để đổi sang tài khoản fpt.com,pasword của account mới sẽ được gửi đến người dùng trước ngày 08/05/2023. password sẽ được bda gửi tự động từ hệ thống akabot-ssc (từ địa chỉ email fim.bot@fpt.com.vn). do hệ thống gửi chậm nên bạn vui lòng chờ đợi thêm.
account mới mật khẩu là dùng mk cũ luôn à,pasword của account mới sẽ được gửi đến người dùng trước ngày 08/05/2023. password sẽ được bda gửi tự động từ hệ thống akabot-ssc (từ địa chỉ email fim.bot@fpt.com.vn). do hệ thống gửi chậm nên bạn vui lòng chờ đợi thêm.
rồi đăng nhập dc rồi,mật khẩu cũ (fpt.com.vn) không dùng được cho account mới. pasword của account mới sẽ được gửi đến người dùng trước ngày 08/05/2023. password sẽ được bda gửi tự động từ hệ thống akabot-ssc (từ địa chỉ email fim.bot@fpt.com.vn). do hệ thống gửi chậm nên bạn vui lòng chờ đợi thêm.
tại sao tôi vẫn chưa nhận được email pass fpt.com?,pasword của account mới sẽ được gửi đến người dùng trước ngày 08/05/2023. password sẽ được bda gửi tự động từ hệ thống akabot-ssc (từ địa chỉ email fim.bot@fpt.com.vn). do hệ thống gửi chậm nên bạn vui lòng chờ đợi thêm.
sao em k đổi dc mk nhỉ?nhập mk cũ chính xác rồi mà?,có thể bạn nhầm email cũ (fpt.com.vn). bước đổi mật khẩu là đổi mật khẩu của email mới (fpt.com)pasword của account mới sẽ được gửi đến người dùng trước ngày 08/05/2023. password sẽ được bda gửi tự động từ hệ thống akabot-ssc (từ địa chỉ email fim.bot@fpt.com.vn). do hệ thống gửi chậm nên bạn vui lòng chờ đợi thêm.
tôi cần lấy lại mật khẩu mail thonglm8@fpt.com,"đối với account mới (fpt.com), vui lòng liên hệ admin/hcns của đơn vị mở ticket reset mật khẩu trên uservice."
hỗ trợ đổi pass mail mới ạ?,"vui lòng đọc kỹ email thông báo từ hr, và hướng dẫn đổi pass tại https://ess.fpt.com/. bạn có thể tham khảo thêm tại: https://foxnews.fpt.vn/video-huong-dan-doi-mat-khau/"
tôi chưa thấy gửi mật khẩu email của hungtm28@fpt.com?,pasword của account mới sẽ được gửi đến người dùng trước ngày 08/05/2023. password sẽ được bda gửi tự động từ hệ thống akabot-ssc (từ địa chỉ email fim.bot@fpt.com.vn). do hệ thống gửi chậm nên bạn vui lòng chờ đợi thêm.
pass đăng nhập email thaolt50@fpt.com?,pasword của account mới sẽ được gửi đến người dùng trước ngày 08/05/2023. password sẽ được bda gửi tự động từ hệ thống akabot-ssc (từ địa chỉ email fim.bot@fpt.com.vn). do hệ thống gửi chậm nên bạn vui lòng chờ đợi thêm.
"workchat chỉ vào đc bằng tab ẩn danh, vào tab chính thì ko cho đăng nhập?"," truy cập link sau (lưu ý: trên iphone phải dùng safari, trên android dùng trình duyệt mặc định) để sign-out khỏi account cũ (fpt.com.vn) và đăng nhập lại bằng account mới
https://login.microsoftonline.com/logout.srf"
"ad cho em hỏi với ạ, em mới nhận mail đổi mk, nhưng không có mật khẩu cũ sao đổi được ạ?",pasword của account mới sẽ được gửi đến người dùng trước ngày 08/05/2023. password sẽ được bda gửi tự động từ hệ thống akabot-ssc (từ địa chỉ email fim.bot@fpt.com.vn). do hệ thống gửi chậm nên bạn vui lòng chờ đợi thêm.
workplace chỉ vào được bằng tab ẩn danh thì phải làm gì?," truy cập link sau (lưu ý: trên iphone phải dùng safari, trên android dùng trình duyệt mặc định) để sign-out khỏi account cũ (fpt.com.vn) và đăng nhập lại bằng account mới
https://login.microsoftonline.com/logout.srf"
"hi, mình không nhận được email từ akabot-ssc fim.bot@fpt.com.vn cung cấp password cho tk
vuda7@fpt.com?",pasword của account mới sẽ được gửi đến người dùng trước ngày 08/05/2023. password sẽ được bda gửi tự động từ hệ thống akabot-ssc (từ địa chỉ email fim.bot@fpt.com.vn). do hệ thống gửi chậm nên bạn vui lòng chờ đợi thêm.
mình chưa nhận được mật khẩu mới từ akabot-ssc?,pasword của account mới sẽ được gửi đến người dùng trước ngày 08/05/2023. password sẽ được bda gửi tự động từ hệ thống akabot-ssc (từ địa chỉ email fim.bot@fpt.com.vn). do hệ thống gửi chậm nên bạn vui lòng chờ đợi thêm.
pass email mới gửi về chưa?,pasword của account mới sẽ được gửi đến người dùng trước ngày 08/05/2023. password sẽ được bda gửi tự động từ hệ thống akabot-ssc (từ địa chỉ email fim.bot@fpt.com.vn). do hệ thống gửi chậm nên bạn vui lòng chờ đợi thêm.
mật khẩu mới của email .fpt.com thì akabot gửi qua đâu vậy bạn?,pasword của account mới sẽ được gửi đến người dùng trước ngày 08/05/2023. password sẽ được bda gửi tự động từ hệ thống akabot-ssc (từ địa chỉ email fim.bot@fpt.com.vn). do hệ thống gửi chậm nên bạn vui lòng chờ đợi thêm.
vậy khi nào thì mật khẩu mới được gửi qua email hiện tại vậy bạn?,pasword của account mới sẽ được gửi đến người dùng trước ngày 08/05/2023. password sẽ được bda gửi tự động từ hệ thống akabot-ssc (từ địa chỉ email fim.bot@fpt.com.vn). do hệ thống gửi chậm nên bạn vui lòng chờ đợi thêm.
pass mail?,pasword của account mới sẽ được gửi đến người dùng trước ngày 08/05/2023. password sẽ được bda gửi tự động từ hệ thống akabot-ssc (từ địa chỉ email fim.bot@fpt.com.vn). do hệ thống gửi chậm nên bạn vui lòng chờ đợi thêm.
"workchat chỉ vào đc bằng tab ẩn danh, vào tab chính thì ko cho đăng nhập?"," truy cập link sau (lưu ý: trên iphone phải dùng safari, trên android dùng trình duyệt mặc định) để sign-out khỏi account cũ (fpt.com.vn) và đăng nhập lại bằng account mới
https://login.microsoftonline.com/logout.srf"
em chưa nhận được pass từ hệ thống gửi?,pasword của account mới sẽ được gửi đến người dùng trước ngày 08/05/2023. password sẽ được bda gửi tự động từ hệ thống akabot-ssc (từ địa chỉ email fim.bot@fpt.com.vn). do hệ thống gửi chậm nên bạn vui lòng chờ đợi thêm.
"dạ em đăng nhập đổi mật xác thực 2 bước cứ báo nhập khẩu và acc ko đúng .dù em đã đăng nhập đúng
mật khẩu b?",có thể bạn nhầm email cũ (fpt.com.vn). bước đổi mật khẩu là đổi mật khẩu của email mới (fpt.com)pasword của account mới sẽ được gửi đến người dùng trước ngày 08/05/2023. password sẽ được bda gửi tự động từ hệ thống akabot-ssc (từ địa chỉ email fim.bot@fpt.com.vn). do hệ thống gửi chậm nên bạn vui lòng chờ đợi thêm.
minh không đổi được password mới?,"vui lòng đọc kỹ email thông báo từ hr, và hướng dẫn đổi pass tại https://ess.fpt.com/. bạn có thể tham khảo thêm tại: https://foxnews.fpt.vn/video-huong-dan-doi-mat-khau/"
tôi muốn thêm phương thức xác thực khác thì làm thế nào?,"truy cập link: https://mysignins.microsoft.com/security-info
tại security info > add sign-in method > choose a method,  chọn app hoặc số điện thoại (tuỳ theo nhu cầu, khuyến cáo dùng app) > chọn add và làm theo hướng dẫn"
tôi muốn thêm xác thực 2 bước bằng app?,"truy cập link: https://mysignins.microsoft.com/security-info
tại security info > add sign-in method > choose a method,  chọn app hoặc số điện thoại (tuỳ theo nhu cầu, khuyến cáo dùng app) > chọn add và làm theo hướng dẫn"
tôi muốn thêm xác thực 2 bước bằng số điện thoại?,"truy cập link: https://mysignins.microsoft.com/security-info
tại security info > add sign-in method > choose a method,  chọn app hoặc số điện thoại (tuỳ theo nhu cầu, khuyến cáo dùng app) > chọn add và làm theo hướng dẫn"
sau này nhân viên ftel có dùng đc @fpt.com trên https://outlook.office.com/mail/ ko? hay chỉ có thể dùng trên gmail thôi?,"không. người dùng khối công nghệ hạ tầng và một số cán bộ của ftc, fcc, ftc sử dụng account trên nền tảng google workspace. còn lại sử dụng trên office 365."
"mình cố thử dùng outlook để lấy mail @fpt.com thì bị lỗi này, tương lai thì còn dùng đc trên outlook.com này ko?","không. người dùng khối công nghệ hạ tầng và một số cán bộ của ftc, fcc, ftc sử dụng account trên nền tảng google workspace. còn lại sử dụng trên office 365."
lỗi xác thực authenticator (báo mã ko đúng)? xác thực điện thoại không thấy trả code về?,"vui lòng kiểm tra đúng user và password mới trước khi đăng nhập. thoát ra ngoài (nút back hoặc đóng hẳn tab của trình duyệt) và thử lại. lưu ý mã qr chỉ có hiệu lực trong 1 phút. bạn phải dùng microsoft authenticator để quét qr:
https://www.microsoft.com/en-us/security/mobile-authenticator-app"
lỗi đăng nhập mail box và lỗi không hiển thị app trong microsoft 365,vui lòng thông báo với admin/hcns để tổng hợp và gửi lên fim kiểm tra lại
ko login đc vào workplace trên máy tính - workchat trên điện thoại vẫn dùng được," truy cập link sau (lưu ý: trên iphone phải dùng safari, trên android dùng trình duyệt mặc định) để sign-out khỏi account cũ (fpt.com.vn) và đăng nhập lại bằng account mới
https://login.microsoftonline.com/logout.srf"
gmail khác gì outlook,"tham khảo:
https://support.google.com/a/users/answer/153966?sjid=756572774739362790-ap"
cách setup gmail với microsoft outlook,"google khuyến cáo sử dụng giao diện webmail cho gmail: https://gmail.com. gmail có nhiều tính năng và thuận tiện hơn cho người dùng. trên thiết bị di động, có thể tải app gmail."
từ lúc em logout ra mail cũ là quanbx@fpt.com.vn thì không vào lại được nữa?,
reset hay forgor password đều k được?,
mình nhận được thông báo bắt đầu sử dụng mail mới từ 4/5/2023?,
the user id or password is incorrect?,
không đổi pass qua domain mail mới đc,đổi password của acount mới (fpt.com) ở đây https://ess.fpt.com/
lấy lại mật khẩu email?,"đối với account mới (fpt.com), vui lòng liên hệ admin/hcns của đơn vị mở ticket reset mật khẩu trên uservice."
ôi thế mà mail thông báo từ 4.5 như hình em chụp ở trên,
"em đang cần đăng nhập vào các trang https://daotao.fpt.com.vn, booking.fpt.com.vn nhưng k vào được
do thay đổi mail.",
mình không đăng nhập được app myfpt bằng email cũ @fpt.com.vn?,myfpt đã chuyển sang dùng account mới (fpt.com)
không đăng nhập được app myfpt?,myfpt đã chuyển sang dùng account mới (fpt.com)
tôi không đăng nhập được vào outlook cài trên máy?,"đối với account office 365, cách sử dụng email fpt.com vẫn giống như cũ. đối với account google workspace, sử dụng trên nền tảng web https://gmail.com"
"outlook online, wc đăng nhập được,?",
nhờ ac hỗ trợ hướng dẫn đăng nhập outlook trên máy?,"đối với account office 365, cách sử dụng email fpt.com vẫn giống như cũ. đối với account google workspace, sử dụng trên nền tảng web https://gmail.com"
nhưng nhập mật khẩu cũ luôn bị hệ thống báo lỗi?,
email dùng để làm gì vậy?,"dùng để làm việc. nếu bạn không cần dùng email, có thể trả lại cho nhân sự."
mail mình đăng sử dụng nganttk3@fpt.com.vn? mình muốn đổi mail nganttk3@fpt.com được ko?,trong đợt chuyển đổi domain fpt.com lần này có khoảng 3% email sẽ bị thay đổi số thứ tự do bị trùng giữa các cttv. việc này đã được ban nhân sự và ban cntt của tập đoàn thống nhất. thông tin chính thức ftel.fhr sẽ gửi cho bạn khi bàn giao account mới.
tôi chuyển đổi pass mail .com ko được?,"vui lòng đọc kỹ email thông báo từ hr, và hướng dẫn đổi pass tại https://ess.fpt.com/. bạn có thể tham khảo thêm tại: https://foxnews.fpt.vn/video-huong-dan-doi-mat-khau/"
đã làm theo video huong dan doi mat khau ma khong duoc,"vui lòng đọc kỹ email thông báo từ hr, và hướng dẫn đổi pass tại https://ess.fpt.com/. bạn có thể tham khảo thêm tại: https://foxnews.fpt.vn/video-huong-dan-doi-mat-khau/"
liên hệ bằng cách nào?,chat với tôi
cho t xin số điện thoại đi?,"tôi hiện tại chưa có điện thoại, chỉ chat được thôi"
tôi muốn đặt lại mật khẩu mới?,đổi password của acount mới (fpt.com) ở đây https://ess.fpt.com/
đổi mật khẩu mail mới?,đổi password của acount mới (fpt.com) ở đây https://ess.fpt.com/
sao e nhập đổi mk ko đc ạ?,"vui lòng đọc kỹ email thông báo từ hr, và hướng dẫn đổi pass tại https://ess.fpt.com/. bạn có thể tham khảo thêm tại: https://foxnews.fpt.vn/video-huong-dan-doi-mat-khau/"
dùng account đăng nhập mới hay cũ ạ?,"chỗ mật khẩu cũ, bạn nhập mật khẩu trong mail do akabot ssc gửi. đừng nhập mật khẩu của account cũ (fpt.com.vn) nhé"
chổ mk cũ mình nhập mk nào ạ?,"chỗ mật khẩu cũ, bạn nhập mật khẩu trong mail do akabot ssc gửi. đừng nhập mật khẩu của account cũ (fpt.com.vn) nhé"
sao nhập mk cũ báo sai hoài à?,"chỗ mật khẩu cũ, bạn nhập mật khẩu trong mail do akabot ssc gửi. đừng nhập mật khẩu của account cũ (fpt.com.vn) nhé"
em không thực hiện được việc đổi password cho email mới ạ?,"vui lòng đọc kỹ email thông báo từ hr, và hướng dẫn đổi pass tại https://ess.fpt.com/. bạn có thể tham khảo thêm tại: https://foxnews.fpt.vn/video-huong-dan-doi-mat-khau/"
làm sao để backup dữ liệu từ onedrive sang google drive?,download xuống rồi upload lên thôi ạ
tôi cần hỗ trợ đổi mặt khẩu mail?,"vui lòng đọc kỹ email thông báo từ hr, và hướng dẫn đổi pass tại https://ess.fpt.com/. bạn có thể tham khảo thêm tại: https://foxnews.fpt.vn/video-huong-dan-doi-mat-khau/"
i cannot login to https://ess.fpt.com/?,bạn phải dùng mật khẩu trong email do akabot gửi
tôi không thể vào được đường link này https://ess.fpt.com/?,bạn vui lòng kiểm tra lại kết nối mạng. tôi vẫn đang vào bình thường đây.
sao tôi không truy cập dc email?,
bạn có thể hỗ trợ được gì?,hiện tại tôi hỗ trợ một số việc liên quan đến chuyển đổi email. sau này có thể hỗ trợ nhiều việc khác nữa.
dạ em không đổi được mật khẩu cho mail mới ạ?,"vui lòng đọc kỹ email thông báo từ hr, và hướng dẫn đổi pass tại https://ess.fpt.com/. bạn có thể tham khảo thêm tại: https://foxnews.fpt.vn/video-huong-dan-doi-mat-khau/"
"link akabot.fpt.vn là link của fpt, tại sao lại liên hệ microsoft để hỗ trợ ?",làm gì có cái link này
bao giờ thì hệ thống nội bộ ftel được chuyển qua email mới?,sẽ có truyền thông trên foxnews. ngoài ra đơn vị chủ quản ứng dụng cũng sẽ có thông báo. tôi không nắm được lịch chính xác của họ
hướng dẫn chi tiết đi?,"bạn đọc foxnews chưa, mục chuyển đổi email đó"
không đổi đc mật khẩu account mail có đuôi @fpt.com?,"vui lòng đọc kỹ email thông báo từ hr, và hướng dẫn đổi pass tại https://ess.fpt.com/. bạn có thể tham khảo thêm tại: https://foxnews.fpt.vn/video-huong-dan-doi-mat-khau/"
"anh xem lại giúp em, chứ đang nhập mk mail cũ vẫn được?",có thể bạn nhầm email cũ (fpt.com.vn). bước đổi mật khẩu là đổi mật khẩu của email mới (fpt.com)pasword của account mới sẽ được gửi đến người dùng trước ngày 08/05/2023. password sẽ được bda gửi tự động từ hệ thống akabot-ssc (từ địa chỉ email fim.bot@fpt.com.vn). do hệ thống gửi chậm nên bạn vui lòng chờ đợi thêm.
acct: banhtv@fpt.com?,
sau 8/5 có dùng được email cũ?,"trong vòng 2 tuần đầu tiên (từ 8/5/2023 đến 22/5/2023), email gửi tới địa chỉ @fpt.com.vn sẽ đi vào cả hai mailbox cũ (@fpt.com.vn) và mới (@fpt.com). sau ngày 22/5/2023, chỉ có mailbox mới nhận được email gửi tới địa chỉ @fpt.com.vn, mailbox cũ không nhận được email nữa. việc forward email từ địa chỉ @fpt.com.vn sang địa chỉ @fpt.com sẽ được duy trì 2 năm đến 13/9/2025. sau thời gian này, tài khoản cũ sẽ được thu hồi."
"mình ko thể nào đổi pass đc , nhờ các bạn kiểm tra giúp?","vui lòng đọc kỹ email thông báo từ hr, và hướng dẫn đổi pass tại https://ess.fpt.com/. bạn có thể tham khảo thêm tại: https://foxnews.fpt.vn/video-huong-dan-doi-mat-khau/"
không đăng nhập được workchat,"hướng dẫn login workplace/workchat bằng account mới:

- trên điện thoại:
truy cập link sau (lưu ý: trên iphone phải dùng safari, trên android dùng trình duyệt mặc định) để sign-out khỏi account cũ (fpt.com.vn) và đăng nhập lại bằng account mới
https://login.microsoftonline.com/logout.srf

- trên máy tính:
- khi nhận được email fpt.com là bạn sẽ bị phải login workchat/workplace bằng account mới
- bạn mở trình duyệt và truy nhập vào https://office.com/
- bấm vào avatar của bạn ở góc trên bên phải, chọn ""sign in with a different account"" > “use another account” để đăng nhập thêm account mới
- bạn sẽ log in bằng account mới thành công
- bạn mở tab mới trên trình duyệt web đó, truy nhập vào https://fpt.workplace.com/ để đăng nhập với account mới
dữ liệu workchat là nội dung chat sẽ được chuyển tự động và gán đúng cho user account mới của từng người. về cơ bản, user chỉ thay đổi xác thực bằng account email mới, dữ liệu chat vẫn được giữ nguyên.

nếu vẫn gặp khó khăn trong quá trình login workchat trên điện thoại, bạn có thể thử:
- truy cập link sau (lưu ý: trên iphone phải dùng safari, trên android dùng trình duyệt mặc định) để sign-out khỏi account cũ (fpt.com.vn) và đăng nhập lại bằng account mới
https://login.microsoftonline.com/logout.srf"
không đăng nhập được workchat bằng email mới,"hướng dẫn login workplace/workchat bằng account mới:

- trên điện thoại:
truy cập link sau (lưu ý: trên iphone phải dùng safari, trên android dùng trình duyệt mặc định) để sign-out khỏi account cũ (fpt.com.vn) và đăng nhập lại bằng account mới
https://login.microsoftonline.com/logout.srf

- trên máy tính:
- khi nhận được email fpt.com là bạn sẽ bị phải login workchat/workplace bằng account mới
- bạn mở trình duyệt và truy nhập vào https://office.com/
- bấm vào avatar của bạn ở góc trên bên phải, chọn ""sign in with a different account"" > “use another account” để đăng nhập thêm account mới
- bạn sẽ log in bằng account mới thành công
- bạn mở tab mới trên trình duyệt web đó, truy nhập vào https://fpt.workplace.com/ để đăng nhập với account mới
dữ liệu workchat là nội dung chat sẽ được chuyển tự động và gán đúng cho user account mới của từng người. về cơ bản, user chỉ thay đổi xác thực bằng account email mới, dữ liệu chat vẫn được giữ nguyên.

nếu vẫn gặp khó khăn trong quá trình login workchat trên điện thoại, bạn có thể thử:
- truy cập link sau (lưu ý: trên iphone phải dùng safari, trên android dùng trình duyệt mặc định) để sign-out khỏi account cũ (fpt.com.vn) và đăng nhập lại bằng account mới
https://login.microsoftonline.com/logout.srf"
